<author lang="en">
	<documents>
		<document><![CDATA[@Jenn1Monahan it's on it's way x]]></document>
		<document><![CDATA[@Jenn1Monahan alright take my wig I guess https://t.co/dPr052Qk5b]]></document>
		<document><![CDATA[@sutanoir I drink over a gallon of water every day I'm not playing my skin like that]]></document>
		<document><![CDATA[onto my fifth litre of water https://t.co/d73R8GuFKz]]></document>
		<document><![CDATA[@baylorisurmom thank u!! ❤]]></document>
		<document><![CDATA[@topshopgoth thank u!!!!]]></document>
		<document><![CDATA[I think I might do a zodiac inspired series of eye looks 👀]]></document>
		<document><![CDATA[@sutanoir me: is impulsive]]></document>
		<document><![CDATA[@sutanoir I just bought the tickets I'm not fuckin around]]></document>
		<document><![CDATA[someone pls come to london to see marianas trench w/ me in may I'll pay for everything I wanna fulfill my 12 year old me dream]]></document>
		<document><![CDATA[@sutanoir who was she]]></document>
		<document><![CDATA[I can't believe I was ever too awkward to talk on video chat with people like ? alright]]></document>
		<document><![CDATA[@makeuppmami your brows 😫💖]]></document>
		<document><![CDATA[@awkwardlyhailey tell me about it]]></document>
		<document><![CDATA[@bagofgems that gif is a reaction to whoever has shane dawson as their idol]]></document>
		<document><![CDATA[@Meaazar95 thank u !]]></document>
		<document><![CDATA[alright imma be away until friday but imma do that full face look when I get back 😘💖]]></document>
		<document><![CDATA[@ItsJustForeman @KATVONDbeauty @ABHcosmetics @LenaLashesUSA @MorpheBrushes @LanaDelRey they're bella lashes by @LenaLashesUSA !!]]></document>
		<document><![CDATA[AAAAAAND I hope all of you are having a great day 💜]]></document>
		<document><![CDATA[anyways if u would like to follow my ig I would love you for it 😌💖 https://t.co/vWXp2NH6XI]]></document>
		<document><![CDATA[I am obsessed with your hair 😫😍 https://t.co/PuntZsMINh]]></document>
		<document><![CDATA[it's a no substance argument and I don't even live in the usa but it's all I hear. shut up with that nonsense]]></document>
		<document><![CDATA[like you're really making fun of people for caring about politics when 1. you do too and 2. that's pretty common]]></document>
		<document><![CDATA[bitch. how you gonna act like people who disagree with you are the only ones who pop off about what they believe in. look at yourself]]></document>
		<document><![CDATA[I'm just so tired of people like tami landrover acting like she don't resemble a tomato within 30 seconds of talking about politics]]></document>
		<document><![CDATA[but anyways https://t.co/kQQkqA3kM1]]></document>
		<document><![CDATA[@alyssakayyy_ I mean conservatives act that way when someone says they don't like him]]></document>
		<document><![CDATA[politics makes people angry and hurt. people protest. people throw fits no matter what side you're on. get over yourself]]></document>
		<document><![CDATA[y'all love to pretend you don't act the exact same way liberals do when someone says something you don't agree with. you're no different]]></document>
		<document><![CDATA[like literally every side of politics gets angry and hurt when someone doesn't agree with them why y'all acting like you're seperate]]></document>
		<document><![CDATA[y'all preach free speech but when someone says they don't like trump y'all are like: https://t.co/PpGuKr7wz2]]></document>
		<document><![CDATA[I ain't even agree with a lot of what liberals do either I'm just sayin]]></document>
		<document><![CDATA[conservatives LOVE to make triggered jokes but they even hear the word liberal and nearly pass out]]></document>
		<document><![CDATA[@traplordbre I swear idk why they give these people jobs at sephora etc when they can't even shade match]]></document>
		<document><![CDATA[if I'm talking to you and you refer to women as "females" I've already stopped listening]]></document>
		<document><![CDATA[they took their damn time https://t.co/pMw2tTtfT5]]></document>
		<document><![CDATA[I can't believe katya redid her iconic untucked moments on trixies ig story bye]]></document>
		<document><![CDATA[I have an idea for a full face look and I'm excited I haven't done one of those in a minute]]></document>
		<document><![CDATA[@tspencerr_ @KATVONDbeauty @ABHcosmetics @LenaLashesUSA @MorpheBrushes @LanaDelRey thank u sm 💖]]></document>
		<document><![CDATA[morning ❤]]></document>
		<document><![CDATA[I'm in such a good mood 😌😌😌😌]]></document>
		<document><![CDATA[I just shed a tear at how beautiful this is https://t.co/Op4JLNb7Pm]]></document>
		<document><![CDATA[every single detail.... you did that I am in awe https://t.co/8GFKtz1NzD]]></document>
		<document><![CDATA[@Velvetwink DAMN ALRIGHT I LOVED IT THO]]></document>
		<document><![CDATA[@OrphicWxtch I literally have no cancer in my entire chart]]></document>
		<document><![CDATA[@OrphicWxtch still shocked by this]]></document>
		<document><![CDATA[soooooo the 1975 are coming to dublin again and idc if I gotta go by my damn self PEACE I'm GOING]]></document>
		<document><![CDATA[@SqueeFox ahhhh ok!! yeah that would be cool!!]]></document>
		<document><![CDATA[@SqueeFox I'm pretty sure renoir was an impressionist painter, but thank u!]]></document>
		<document><![CDATA[@caserotinous what the hell does on the floor mean]]></document>
		<document><![CDATA[it is such a nice and fulfilling feeling to create things that you're proud of]]></document>
		<document><![CDATA[people call me extra like it's a bad thing bitch I aspire to be as extra as possible]]></document>
		<document><![CDATA[@AshtinMcfadden oh my god thank you so much!!💝]]></document>
		<document><![CDATA[@vickysglows thank u!💖]]></document>
		<document><![CDATA[@alicegkingg @KATVONDbeauty @ABHcosmetics @NyxCosmetics @LenaLashesUSA @MorpheBrushes thank you ! 💜]]></document>
		<document><![CDATA[got a look coming soon 👀]]></document>
		<document><![CDATA[@rileen7 Thank u !! 😅😅]]></document>
		<document><![CDATA[tiny paintbrushes are so good for detailing on an eye look!!]]></document>
		<document><![CDATA[I ordered so much stuff from @StrCrshdMineral yesterday I'm so excited 😌😌😌]]></document>
		<document><![CDATA[I don't wanna get married so you know what I'm gonna do? not get married. why tf do y'all make the choice to get married then complain]]></document>
		<document><![CDATA[anyways good morning everyone ❤]]></document>
		<document><![CDATA[straight men are so weird with that "marriage is a trap" bs. who the hell holding a gun up to your head forcing you… https://t.co/Oiud3JR9DC]]></document>
		<document><![CDATA[maybe once it's grown out and idm trimming it to get rid of dead ends but right now I am not the ONE]]></document>
		<document><![CDATA[I feel like I'd look good with bleach blonde hair but I am not the one. to be frying my hair up like that https://t.co/M7GaNEqhdq]]></document>
		<document><![CDATA[mua's on tv are always like "NEVER. OVERLINE YOUR LIPS." meanwhile I'm here like https://t.co/inhNbUhpAb]]></document>
		<document><![CDATA[y'all know a dupe for j stars ice cold, 'cause ya girl pale as fuck and my pan is running out and I'm not about to pay his ass again]]></document>
		<document><![CDATA[but the lip is still blessing me https://t.co/0ti1qHMjTV]]></document>
		<document><![CDATA[HOLY WOW https://t.co/rWscgMhw77]]></document>
		<document><![CDATA[tell me why 3oh!3 had my 11 year old hoe ass just GIVING IT MY ALL]]></document>
		<document><![CDATA[it's so lit https://t.co/kAmG5Liolq]]></document>
		<document><![CDATA[I wish it wasn't this accurate https://t.co/KOcK7vCS6a]]></document>
		<document><![CDATA[@NlVEEN thank u!]]></document>
		<document><![CDATA[I deadass almost dropped my phone in my miso soup]]></document>
		<document><![CDATA[cole sprouse is truly a blessing]]></document>
		<document><![CDATA[do y'all remember when cole sprouse did some sort of social experiment and tumblr got PISSED]]></document>
		<document><![CDATA[I fuck with miso soup heavily]]></document>
		<document><![CDATA[CAMILLE JUST TOLD ME I ACT LIKE A CANCER WHAT]]></document>
		<document><![CDATA[@ughstef ahhhhhhh thank you 💜💛]]></document>
		<document><![CDATA[@hellaglowedup thank u girl!❤]]></document>
		<document><![CDATA[the more I look at traditional tattoos the more I like them]]></document>
		<document><![CDATA[my skin and hair has been so healthy ever since I started using natural stuff]]></document>
		<document><![CDATA[@sutanoir the only tattoo artist I've found to do it is in seattle though :/]]></document>
		<document><![CDATA[next tattoo after my first is hopefully gonna be a katya one]]></document>
		<document><![CDATA[@GokYoungwan @cuteartgirl ooooh I was actually thinking abt klimt or bosch thank u!!]]></document>
		<document><![CDATA[@cuteartgirl yes ofc!!]]></document>
		<document><![CDATA[who doesn't eat the skin on potatoes https://t.co/9t34ku0d5f]]></document>
		<document><![CDATA[got another art- inspired look going up tomorrow I think if it goes well 👀]]></document>
		<document><![CDATA[this is GORGEOUS wow https://t.co/cFbug4frjk]]></document>
		<document><![CDATA[nobody about to come into MY life and try and take away my happiness this year. I am going to GLOW from the inside out]]></document>
		<document><![CDATA[@chloebuddx omg thank you so much!! 😌😌]]></document>
		<document><![CDATA[@o_komp thank u!!]]></document>
		<document><![CDATA[@ughstef hey thanks for the follow on ig!! I am in love with all of ur looks girl you are so talented 😫😫💝]]></document>
		<document><![CDATA[bitch. If I have bright ass pink eyeshadow on with glitter and long ass lashes, I'm not going for "natural" ya dumb]]></document>
		<document><![CDATA[sorry, I mean, they look happy :) x]]></document>
		<document><![CDATA[I'm so ready and excited to flourish this year. I can't wait 💝❤💝❤💝❤]]></document>
		<document><![CDATA[I'm so full of myself I love it]]></document>
		<document><![CDATA[hope everyones doing good today ☺❤]]></document>
		<document><![CDATA[truly am blessed https://t.co/SnqQnsymDJ]]></document>
		<document><![CDATA[if this bus does not move 🙄]]></document>
		<document><![CDATA[I want the fishnets under jeans trend to never end]]></document>
	</documents>
</author>