<author lang="en">
	<documents>
		<document><![CDATA[Wow some people in this world have serious problems #AnimalRights #CatsOfTwitter #Powerless #CrueltyFree https://t.co/LjW3rCSp1T]]></document>
		<document><![CDATA[@transdev a bus should be coming every hr yet @TripView says not til 757pm?! On hold for 10 min and no answer from… https://t.co/Fvj4yrHlPJ]]></document>
		<document><![CDATA[@odetosIIeep it's a thing]]></document>
		<document><![CDATA[Sutherland Shire Council: Build a Water Park in Engadine, NSW - Sign the Petition! https://t.co/DNQlPjriSr via @ChangeAUS]]></document>
		<document><![CDATA[@fortemgc what?]]></document>
		<document><![CDATA[@buffer Your site is down]]></document>
		<document><![CDATA[@buffer Your site is down!]]></document>
		<document><![CDATA[Bork in doggo heaven, Gabe. RIP 😢😢 https://t.co/QSWCHWx0Ki]]></document>
		<document><![CDATA[This is the happiest doggo I ever did see https://t.co/tiTneBtYfu]]></document>
		<document><![CDATA[@AnnaKFaris Oh my god Anna Faris liked my tweet. Pratt, wo bist du? lol]]></document>
		<document><![CDATA[@prattprattpratt intensifies in his Eminem rap https://t.co/iRIdJwECM1]]></document>
		<document><![CDATA[Not sure why someone is spending money to put this in the sky... in Australia.. but hilarious either way 😂 https://t.co/X3dCxBELDM]]></document>
		<document><![CDATA[A question to all females.
Apparently every girl has a freckle on their right hand and left boob? Was tripping out because I do 😳]]></document>
		<document><![CDATA[@69underachiever @lasergirl70 your freckles make you look youthful so you even out]]></document>
		<document><![CDATA[@prattprattpratt @AnnaKFaris @MomCBS only if you reply to me for once 😣]]></document>
		<document><![CDATA[@wolfyneyda Don't be so hard on your mama x]]></document>
		<document><![CDATA[My friend was just 'bitten' by this, and is in considerable pain - I know it looks sticklike and lifeless, but he s… https://t.co/WbtwTrtA3B]]></document>
		<document><![CDATA[@CulturedRuffian Swiss Army Man (2016) https://t.co/3jos962YiT]]></document>
		<document><![CDATA[@CulturedRuffian Tomorrow Never Dies (1997) https://t.co/jcEHhtMBBM]]></document>
		<document><![CDATA[@JulieSnook the way you handled Amber and way she treated you is truly commendable. I hope your feathers weren't too ruffled x]]></document>
		<document><![CDATA[Ganja's box addiction is getting out of control 😣😂 https://t.co/XqP1xmSfke]]></document>
		<document><![CDATA[Share Money Cat to receive bountiful wealth and success in 2017 😍 https://t.co/BwbMjH0try]]></document>
		<document><![CDATA[My friend saw the photo on the left and asked her dog groomer for a butt heart, too. This was the result 😣😂 https://t.co/RrYHtmNpwt]]></document>
		<document><![CDATA[@EricPage28 she didn't risk her life... she ended it]]></document>
		<document><![CDATA[If anything she should be recast as a villain which gets killed off in the pilot. (2/2)]]></document>
		<document><![CDATA[#Charmed is getting a reboot. Rose McGowan has turned into a skinhead feminazi Killary lover. She doesn't deserve a reboot. (1/2)]]></document>
		<document><![CDATA[@TheEllenShow my 2 year old Zack can't deal with how cute baby Dory is #FindingDory https://t.co/61fMJckWlW]]></document>
		<document><![CDATA[@Fotoula16 @prattprattpratt it's really him. You're lucky 😏]]></document>
		<document><![CDATA[@mrpford you would be fine I'm sure. He didn't physically carry out any murders. Just was the mastermind in convincing women to do so 😂]]></document>
		<document><![CDATA[@fairuza Lookie what I found &lt;3 lol https://t.co/OLKf9Nynw3]]></document>
		<document><![CDATA[@SnoopDogg bought this for @willienelson for Christmas. Best sweater ever 😂😂 https://t.co/NJNd64qehC]]></document>
		<document><![CDATA[@prattprattpratt he hasnt noticed me yet :(]]></document>
		<document><![CDATA[@MathotahCuksikl @prattprattpratt aw thanks. I'd like to think so. I'm behind a big fb page, but no one knows 😂]]></document>
		<document><![CDATA[@jamiesmart @prattprattpratt you couldn't afford him tbh]]></document>
		<document><![CDATA[@battlefield1120 @prattprattpratt omg you haven't even seen #passengersthemovie and he retweeted you, not me? 🤔]]></document>
		<document><![CDATA[Will he retweet me? I wanna feel spesh too lol]]></document>
		<document><![CDATA[@RosalieFisher14 @prattprattpratt @AnnaKFaris do they never age?!]]></document>
		<document><![CDATA[@prattprattpratt you're online! Now is the chance for you to notice me! I love you! 😂]]></document>
		<document><![CDATA[When you use a thong as a sun visor https://t.co/hkXM3qFQVw]]></document>
		<document><![CDATA[@rosemcgowan Hillary Clinton is quite possibly the most evil this world has seen. Just because she has a vagina doesn't make her GOOD.]]></document>
		<document><![CDATA[Hairdressers need to have a service where they massage, brush and braid your hair for an hour or two 👌👌]]></document>
		<document><![CDATA[The irony of this mug makes me laugh. https://t.co/Hk50m1mKgq]]></document>
		<document><![CDATA[I do not boop the snoot, I mlem the snoot. https://t.co/tv0GGWkgtc]]></document>
		<document><![CDATA[@PinkThouse you are truly a moron]]></document>
		<document><![CDATA[My goal for 2017 is to accomplish the goals of 2016 which I should have done in 2015 because I made a promise in 2014 and planned in 2013.]]></document>
		<document><![CDATA[No mother should have to go through seeing her own child pass before her. Heartache killed @DebbieReynolds1 RIP]]></document>
		<document><![CDATA[@AndiMaySeibel well lucky you lol]]></document>
		<document><![CDATA[There are only 4 actors in #PassengersTheMovie because 90% of the movie's budget had to go towards Jennifer Lawrence's salary.]]></document>
		<document><![CDATA[@mrpford @sunriseon7 looking forward to it]]></document>
		<document><![CDATA[Sad about Carrie Fisher but also sad for her doggo. Everyone give supportive boops to Gary. He's probably really sa… https://t.co/mMi5onJBXW]]></document>
		<document><![CDATA[More icecream for women! Thanks @RichardHammond]]></document>
		<document><![CDATA[2016 took another 😣😣 #ripcarriefisher #RIPCarrie]]></document>
		<document><![CDATA[The moment you realize that your vacation is almost over https://t.co/ERMXtvRgwA]]></document>
		<document><![CDATA[Has @AlexLeeWorld come out yet?]]></document>
		<document><![CDATA[Pupper, what have you done? https://t.co/wb1GqXsMHe]]></document>
		<document><![CDATA[@BritneyMiskelly because you tire them out]]></document>
		<document><![CDATA[My time has come https://t.co/OS24X2CNG2]]></document>
		<document><![CDATA[Found the "feels guy" irl https://t.co/3RFiDTq6cB]]></document>
		<document><![CDATA[Being Santa is bloody exhausting. Thanks make up for attempting to hide my 3 hrs of sleep lol https://t.co/apvzieLvCh]]></document>
		<document><![CDATA[@farwzz why? What's wrong with Jlaw especially? She's amazing]]></document>
		<document><![CDATA[@aIecIxghtwood Being uncomfortable is normal for actors. A simple sex Q shouldnt put them off especially when they both have done sex scenes]]></document>
		<document><![CDATA[@Variety @JLdaily I love JLaw and Pratt but it was quite rude of them to just up and leave like that.]]></document>
		<document><![CDATA[@ryanoflan What's wrong with @LisaKudrow , huh?]]></document>
		<document><![CDATA[@JimmyDonofrio Were you in @marilynmanson 's art class?]]></document>
		<document><![CDATA[Imagine us waiting for 2017 and all of a sudden comes 2016 S]]></document>
		<document><![CDATA[Public warning: These two men have recently been released from prison after multiple counts of home burglary. Lock… https://t.co/LrEx69tGmn]]></document>
		<document><![CDATA[My cat is in a long distance relationship https://t.co/ZL89fOdIRU]]></document>
		<document><![CDATA[Nailed it 😣😂 https://t.co/MP0NgMbzKY]]></document>
		<document><![CDATA[Righto Christmas cards are done! I hope I spelled everyone's names properly https://t.co/MCj64aI3Lp]]></document>
		<document><![CDATA[@fairuza I hope your mum gets better soon &lt;3 Question though, why did you spell it like us Aussies do (mum)?! x]]></document>
		<document><![CDATA['Kim Kardashian held up at gunpoint in Paris hotel by one of her entourage - in shameless PR stunt.']]></document>
		<document><![CDATA[Here, mousey mousey. https://t.co/cnT2B01YlX]]></document>
		<document><![CDATA[@fairuza I seriously love you 😍😍😍]]></document>
		<document><![CDATA[This girl's school said her hoodie was offensive! #FreeTheUnicorn https://t.co/ewg8GAQ9gB]]></document>
		<document><![CDATA[Mama cat walks through flames five times to rescue her kittens https://t.co/GHNGihAb1k]]></document>
		<document><![CDATA[This is the kinda trolley I need for my shopping trips 😂👌 https://t.co/AXZes7WVE7]]></document>
		<document><![CDATA[When the magazines can't get their BS right https://t.co/fWJzM0YIk7]]></document>
		<document><![CDATA[I'd rather be doing this right now 😂😍 https://t.co/G1poY6Q2Of]]></document>
		<document><![CDATA[This guy looks like Khal Drogo and Jon Snow's love child https://t.co/XP97FsmwdR]]></document>
		<document><![CDATA[Is it just me or does this guy look like the love child of Jon Snow and Khal Drogo? 👌 https://t.co/QCyhAGurTe]]></document>
		<document><![CDATA[@JenMeyerJewelry Why does Leo follow you?! Lol]]></document>
		<document><![CDATA[Look, Squirtle. Everything the light touches is our kingdom. https://t.co/A4hO3tGjCl]]></document>
		<document><![CDATA[First time sleeping at her place. Should I leave now? 😕 https://t.co/OnHbQwQPon]]></document>
		<document><![CDATA[Sometimes the hotel holding your wedding also has a fetish ball booked. https://t.co/0yQcYMsiNy]]></document>
		<document><![CDATA[Not sure which way to go 😂 https://t.co/RPBmEgO2zC]]></document>
		<document><![CDATA[@SoniaKruger What if they were muslim kids? Would you still feel the same, Hitler?]]></document>
		<document><![CDATA[@MikeCarlton01 You say that like it's a bad thing]]></document>
		<document><![CDATA[The census should be a national snapshot, not a tool for detailed data-linking on every individual.]]></document>
		<document><![CDATA[@Skiplagged Engadine, Sutherland,Gymea in NSW, AUSTRALIA pls!]]></document>
		<document><![CDATA[Welcome to the future. Fans are too busy watching their phones and the singer can't even see her fans https://t.co/A22UVwmgIK]]></document>
		<document><![CDATA[It's funny how @SoniaKruger feels she can discriminate against muslims yet opens her heart up to LGBT. https://t.co/NqUVkRpgIk]]></document>
		<document><![CDATA[Challenge accepted https://t.co/Vn3tzPOFqP]]></document>
		<document><![CDATA[@dookyyy @cnsnews she sold herself to the devil a long time ago]]></document>
		<document><![CDATA[Whoever did this at Walmart needs a pay rise 😂 #PokemonGO https://t.co/UkxuY0yAhn]]></document>
		<document><![CDATA[@TeddyDavisCNN cnn is supposed to back Clinton, no?]]></document>
		<document><![CDATA[@girlposts whats happening?]]></document>
		<document><![CDATA[People worried for @MarinaJoyce7 IMO I think she's just on drugs :\ #MarinaJoyce]]></document>
		<document><![CDATA[When your Vaporeon is LEET https://t.co/tuytWYxJY2]]></document>
		<document><![CDATA[When you want to play #PokemonGO but it's raining out https://t.co/JT6gZrK0m7]]></document>
		<document><![CDATA[@HowStuffWorks 'The Healthy Things That Aren't Quiz' is the most inaccurate quiz I've ever seen, and Nathan @birdseyemaple should be fired]]></document>
	</documents>
</author>