<author lang="en">
	<documents>
		<document><![CDATA["Only a consistent antagonism to the system makes genuine love possible" — Asad Haider https://t.co/0eCnupWj3g]]></document>
		<document><![CDATA[@hollyhaunter I can't make it work and the thought of a date range w a hyphen is stressing me out!!!! But ty]]></document>
		<document><![CDATA[How can you type an en dash in word tho]]></document>
		<document><![CDATA[Besides being objects of considerable public contempt, the main thing O-week uni hall residents and yopros share is a love of lanyards]]></document>
		<document><![CDATA[If I cite Derrida and Milton in my email, is Bill English more likely to read it???]]></document>
		<document><![CDATA[@Eve_K also: doing something awful with my mouth here RIP]]></document>
		<document><![CDATA[@Eve_K subtlest beast of all the field]]></document>
		<document><![CDATA[@cat_coven so good! the key change!]]></document>
		<document><![CDATA[@___emmabailey "in terms of the books"]]></document>
		<document><![CDATA[didn't anticipate the Kirsty MacColl Billy Bragg cover loop i'm stuck in atm; pls advise https://t.co/XzUZexo7tQ]]></document>
		<document><![CDATA[@Alistair_Murray also this story about Jared Kushner https://t.co/dYOysvj7D3 https://t.co/TOh4NgXmXN]]></document>
		<document><![CDATA[People on lambton quay move in mysterious ways]]></document>
		<document><![CDATA[Will always be amazed at how minor destruction of property passes for "violence" in the liberal vocabulary]]></document>
		<document><![CDATA[@teJoshuaJames intentionally, I'm afraid! My first and last Trump parody tweet — promise. (Was good to see you too!)]]></document>
		<document><![CDATA[Didn't drop them (would never do that), but saw these strawberries in Newtown. Sad! https://t.co/ta3pkHB9ZI]]></document>
		<document><![CDATA[Pilot clearly drawing on topos of south seas mobility &amp; unstable/fragmented self: "on behalf of myself..."]]></document>
		<document><![CDATA[_A Brief History of Seven Killings_ Appreciation Tweet]]></document>
		<document><![CDATA[Tfw summer goth https://t.co/9heClc2IH8]]></document>
		<document><![CDATA[Just came across this, the worst fb page in New Zealand https://t.co/WEJnO3nyaL]]></document>
		<document><![CDATA[@Eve_K this is not in dispute]]></document>
		<document><![CDATA[There is a guy at my uni who looks exactly like the BBC "Ways of Seeing"-era John Berger]]></document>
		<document><![CDATA[@Eve_K I feel ur pain :( about to board flight to Auckland!! But back in Wellington after the 14th]]></document>
		<document><![CDATA[Is this a joke? https://t.co/kb4nTKL6PR]]></document>
		<document><![CDATA[Verso should hire the Briscoes lady to hype their sales]]></document>
		<document><![CDATA[The copy of Jane Eyre Brontë sent to Mary Taylor in Wellington, and her response https://t.co/m4ZaT2r51h]]></document>
		<document><![CDATA[Miniature manuscript at the Morgan Library's Charlotte Brontë exhibit https://t.co/qLNtwpnhIw]]></document>
		<document><![CDATA[US &amp; Canada are both very fond of systems but they're also, like, quite bad at systems]]></document>
		<document><![CDATA[Still not over this Christmas video call w grandparents https://t.co/IdwiNx0Sul]]></document>
		<document><![CDATA[Brother's Canadian girlfriend is appalled by our butter consumption]]></document>
		<document><![CDATA[Sorry for insufferable holiday tweets, but it is Christmas Day here, -18 and sunny https://t.co/SuBBlauRHu]]></document>
		<document><![CDATA[Terry Eagleton kinda liked The Limits of Critique https://t.co/2DCzIPeL2Q (paywall / institutional access)]]></document>
		<document><![CDATA[Today my mother took a bite of a macaron and said, disgusted, "This macaron tastes like curry." It had saffron in it.]]></document>
		<document><![CDATA[Can't help but read Facebook geotagging notifications as low key suspicious: "[person] *says* she was with you at [place]"]]></document>
		<document><![CDATA[I just said "I need it for a tweet I'm working on"]]></document>
		<document><![CDATA[This morning https://t.co/o7AbjkxWyD]]></document>
		<document><![CDATA[@Alistair_Murray More snow. https://t.co/qAc5I0lTcc]]></document>
		<document><![CDATA[@Lismahago Thanks, Dougal! That's very exciting! And yes, will definitely share any tips]]></document>
		<document><![CDATA[The destination boards on some buses here say "SORRY - FULL" and I can't get over the apology]]></document>
		<document><![CDATA[Arrived in Vancouver and it is very.............clean]]></document>
		<document><![CDATA[Maggie Nelson: What kind of world / would let loose / a low orange moon... https://t.co/y37FfddHpq]]></document>
		<document><![CDATA[new issue of Critical Inquiry on comedy, edited by Lauren Berlant and Sianne Ngai https://t.co/vEJdMGVXne]]></document>
		<document><![CDATA[@Eve_K brief sojourn in Taranaki (leaving tomorrow!!) is responsible]]></document>
		<document><![CDATA[@notmiafarrow @sophieJGB though my love of pb+b is suddenly much more intelligible when reframed in terms of catholic/high church decadence]]></document>
		<document><![CDATA[@notmiafarrow @sophieJGB Simon, please — peanut butter is butter in name only.]]></document>
		<document><![CDATA[@sophieJGB I agree, of course, but for the purposes of officiating this important democratic process, I'm impartial]]></document>
		<document><![CDATA[Peanut butter AND butter]]></document>
		<document><![CDATA[is there a handbook for both tv weather reporters and and flight attendants which says "never say 'Wellington' when u can say 'the capital'"]]></document>
		<document><![CDATA[if a novel doesn't include a "glossary of nautical terms" i'm not interested thanks]]></document>
		<document><![CDATA[auto-retweet as the "here's one i prepared earlier" of twitter dot com]]></document>
		<document><![CDATA[@Alistair_Murray basically i'm trying to mobilise James's cool cultural capital to defend this awful smiths kick i'm on atm]]></document>
		<document><![CDATA[Marlon James on The Smiths' "I Know It’s Over" https://t.co/5NRSsAt5pR]]></document>
		<document><![CDATA[Tfw ur close to the edge at flat Christmas https://t.co/wi8LvhyT5U]]></document>
		<document><![CDATA[@Lismahago Beehive Fever: A Freudian Impression]]></document>
		<document><![CDATA[@Alistair_Murray nice praxis. can it .............. turn butter into mist tho?]]></document>
		<document><![CDATA[go on ... name a mode of production better at turning butter into mist ... i'll wait https://t.co/shagjtsKz5]]></document>
		<document><![CDATA[hey forgive this meta-take but hasn't "hot take" been effectively evacuated of any concrete meaning and descriptive utility?]]></document>
		<document><![CDATA[Alex Ross: "The Department of Hitler Studies, from DeLillo’s “White Noise,” is moving to D.C." https://t.co/DXWtLgdtBc]]></document>
		<document><![CDATA[@Alistair_Murray studying literature enlarges ur capacity for empathy every1!!!!! https://t.co/aask4fOTmB]]></document>
		<document><![CDATA[cautionary tale https://t.co/FqI63mcoVC]]></document>
		<document><![CDATA[Can't remember who made this but https://t.co/BVY53wPeBB]]></document>
		<document><![CDATA[this video still brings me a lot of joy, but the wet patch (??) on that guy's shoulder at 1:40 is low-key upsetting https://t.co/5yRdTKUoeV]]></document>
		<document><![CDATA[how long after watching FRANCES HA does the "Modern Love" listening phase last??]]></document>
		<document><![CDATA[love this essay by Ingrid Horrocks: "In the Meantime: Shipwrecks of the Self" https://t.co/HrsXNk184N]]></document>
		<document><![CDATA[Frankie Cosmos!! Wellington!! https://t.co/c5FKx6rcGq]]></document>
		<document><![CDATA[At the Len Lye Centre https://t.co/Yy08icpnfv]]></document>
		<document><![CDATA[@oleloto i received this exact message from Lydia lol]]></document>
		<document><![CDATA[@stuartfdrake this is an excellent tweet but also favourite-repellent]]></document>
		<document><![CDATA["...THAT THINGS ARE NOT SO ILL WITH YOU AND ME AS THEY MIGHT HAVE BEEN, IS HALF OWING TO THE NUMBER WHO LIVED FAITH… https://t.co/snQa8ejZtt]]></document>
		<document><![CDATA[Tfw u really love cutlery https://t.co/aoFwPVPpAy]]></document>
		<document><![CDATA[Another s/o to the car yard in New Plymouth using a treble clef as an ampersand in their logo]]></document>
		<document><![CDATA[@toadbrode our own cat seems to have resigned herself to the loss of underfloor territory, but has become pretty vigilant about the cat door]]></document>
		<document><![CDATA[Looking to transition into next phase of my online brand: Very Wholesome but Also on Social Media Quite a Bit]]></document>
		<document><![CDATA[Neighbour's cat keeps going underneath my mum's house and every so often a meow can be heard through the floor]]></document>
		<document><![CDATA[@notmiafarrow all the "grand designs" middle class aspirational bits aside, though, the technical execution is, like, kinda bad, eh]]></document>
		<document><![CDATA[@Alistair_Murray kept thinking of Lee Wallace's claim, in her article on Tom Ford's Isherwood adaptation, that "Gay… https://t.co/nzs9THeI6T]]></document>
		<document><![CDATA[find myself wanting to claim — falsely — that i remained stubbornly unmoved through all 700 pages of A LITTLE LIFE]]></document>
		<document><![CDATA[@Alistair_Murray sick burn https://t.co/1PyV2IvH2V]]></document>
		<document><![CDATA[tfw u get dragged by Judith Butler in the letters section of the London Review of Books https://t.co/3dCn9RuL0A]]></document>
		<document><![CDATA[So thrilled about 2017 Salient editors @oleloto &amp; @TimmmmmiT https://t.co/E3qjAyb9bK]]></document>
		<document><![CDATA[Waking Up in Trump’s America https://t.co/dCSCOCymNu]]></document>
		<document><![CDATA[Not quite able to distinguish aftershocks from shaking legs lol]]></document>
		<document><![CDATA[@Alistair_Murray Jameson where u @]]></document>
		<document><![CDATA[will realism survive the Trump era tho?]]></document>
		<document><![CDATA[i'm going to the US briefly next month and it's looking more like a "last chance to see" kinda trip lol]]></document>
		<document><![CDATA[it was the Zizek endorsement which clinched Florida, no doubt]]></document>
		<document><![CDATA[gives new meaning to "fear of needles" https://t.co/AN0meiBKj8]]></document>
		<document><![CDATA[@toadbrode &gt;1% but still lol]]></document>
		<document><![CDATA[@tinycliffe i figured, but amusing all the same]]></document>
		<document><![CDATA[@eamonnmarra ugh. And such large, obnoxious banner ads!]]></document>
		<document><![CDATA[briefly looked for a radio to buy the other day and since it's just been all radio ads, all the time https://t.co/pfY8ss8BXu]]></document>
		<document><![CDATA[@Alistair_Murray intro to Annamarie Jagose's Orgasmology still offers the best commentary on this imo https://t.co/ArygglIKql]]></document>
		<document><![CDATA[gr8 that the proud NZ tradition of mock-incredulity and "taxpayer money" moral panic over Marsden round lives on https://t.co/OfZhVUzCsm]]></document>
		<document><![CDATA[I floss every day AMA]]></document>
		<document><![CDATA[re Zizek/Trump thing — like I always say: https://t.co/IelXosPGDX]]></document>
		<document><![CDATA[@jacobjakeybrown Here it is! https://t.co/oEj58p5GaG i find the whole thing so endearing]]></document>
		<document><![CDATA[@jacobjakeybrown must re-read that Zadie Smith essay where she talks about her sudden "attunement" to Joni while visiting Tintern Abbey lol]]></document>
		<document><![CDATA[@jacobjakeybrown it only just occurred to me!!]]></document>
		<document><![CDATA[shocked that Joni Mitchell has to leave California and go to Spain just to get a tan tbh]]></document>
		<document><![CDATA[This looks promising: The Black Jacobins Reader https://t.co/PGvLC1JD1u]]></document>
		<document><![CDATA[@Alistair_Murray guys I finished honours 💃🏻💃🏻💃🏻😎😎😎]]></document>
	</documents>
</author>