<author lang="en">
	<documents>
		<document><![CDATA[girl in thongsnaked https://t.co/f1yjLpvndP]]></document>
		<document><![CDATA[anorexic men fucking photos https://t.co/jjx94OCOtX]]></document>
		<document><![CDATA[full figured women boob pics https://t.co/KWQN4lvJgt]]></document>
		<document><![CDATA[nude japan car wash https://t.co/CTzsut7oA8]]></document>
		<document><![CDATA[bodybuilder only nude https://t.co/dQdcyaKNKq]]></document>
		<document><![CDATA[big white ass anal https://t.co/azUmr7ynqn]]></document>
		<document><![CDATA[ps3 themes porno sex https://t.co/te0a674yRT]]></document>
		<document><![CDATA[sexy native women https://t.co/xx6df2kGfP]]></document>
		<document><![CDATA[nude boys with nude girls wallpics https://t.co/tJxcqqroFJ]]></document>
		<document><![CDATA[black girls getting ate outporn https://t.co/OOnToT1pJA]]></document>
		<document><![CDATA[sexy girls making love in public porn https://t.co/IR3QcIK0cA]]></document>
		<document><![CDATA[sheri moon zombie porn pics https://t.co/wlnYWueU3O]]></document>
		<document><![CDATA[keli richards nude hairy pussy https://t.co/vr8pnFkbMQ]]></document>
		<document><![CDATA[fucking monica belucci free movies https://t.co/6FveM3tTK5]]></document>
		<document><![CDATA[early teen sex photo https://t.co/KipkvFUNzd]]></document>
		<document><![CDATA[girls and boys having sex naked https://t.co/o7Gb4MCZWF]]></document>
		<document><![CDATA[free nude pics my teen sister https://t.co/uZmeDmDV20]]></document>
		<document><![CDATA[susan and mary test have sex https://t.co/deajWlStVb]]></document>
		<document><![CDATA[lil wayne pussy money weed zshare https://t.co/UlO6sa6M9y]]></document>
		<document><![CDATA[brothersistersexpicture https://t.co/gbq9aMJxZ4]]></document>
		<document><![CDATA[free porn sites sexy polish girls cash for sex https://t.co/sc1VaDN2gR]]></document>
		<document><![CDATA[willa holland pussy https://t.co/3vBjolGWDi]]></document>
		<document><![CDATA[sex with my girlfriends sister https://t.co/Fcbz0LmFVh]]></document>
		<document><![CDATA[extremely cute girl sucking https://t.co/feXRYCMoN7]]></document>
		<document><![CDATA[the teenage witch xxx https://t.co/oD1ajvkDnl]]></document>
		<document><![CDATA[elisha cuthbert naked https://t.co/gdE7igVJBN]]></document>
		<document><![CDATA[naked swedish girl punishment https://t.co/ZcxRr28NAH]]></document>
		<document><![CDATA[sex clip from movie https://t.co/KX0bDQrJZF]]></document>
		<document><![CDATA[white girl fucking with garden hose https://t.co/2dD8VXTjRV]]></document>
		<document><![CDATA[allison evans porn pic https://t.co/7cY1dazn2q]]></document>
		<document><![CDATA[nudewomenpicfree https://t.co/dBtbzZHahw]]></document>
		<document><![CDATA[nude show in goa https://t.co/Q0TqVwFhQ4]]></document>
		<document><![CDATA[high resolution nude sex https://t.co/J4D6ZScoeS]]></document>
		<document><![CDATA[virgin hardcore watch online https://t.co/9dIcGgo83F]]></document>
		<document><![CDATA[philippine sexiest woman nudes https://t.co/rSgiqtvbem]]></document>
		<document><![CDATA[fucking my teen daughter stories https://t.co/kwMBplsj94]]></document>
		<document><![CDATA[russian porn stars list https://t.co/aAJtNHzmJe]]></document>
		<document><![CDATA[brittany snow nude https://t.co/Zn3UOTFs58]]></document>
		<document><![CDATA[how to give better oral sex https://t.co/LAI9t1CpEY]]></document>
		<document><![CDATA[guyana girl sex white man porn https://t.co/wfBPkZHGfO]]></document>
		<document><![CDATA[porn photo singapore https://t.co/PfCTdGV6x8]]></document>
		<document><![CDATA[old old landy pussy fotos https://t.co/ko7gF5Wp9k]]></document>
		<document><![CDATA[video of girl being fucked by donkey https://t.co/OYMC16zf34]]></document>
		<document><![CDATA[xnxxhairy pusyy https://t.co/v4dLf4B98A]]></document>
		<document><![CDATA[sophie chaudhary nangi https://t.co/IhHFFeAnSm]]></document>
		<document><![CDATA[naked boy and girl humping videos https://t.co/esZixQiIfY]]></document>
		<document><![CDATA[live sex video of girl and donkey https://t.co/4E1K5TFAlH]]></document>
		<document><![CDATA[celtic men in porn pics https://t.co/xCChD0kNyW]]></document>
		<document><![CDATA[men stripped naked by women and fucked porm movie https://t.co/3cWwv5c018]]></document>
		<document><![CDATA[tranny first anal https://t.co/OtI3TL9DhF]]></document>
		<document><![CDATA[thong teens https://t.co/Yqu0VRdu0q]]></document>
		<document><![CDATA[telugu sites for teenagers https://t.co/wjTkZYxj4V]]></document>
		<document><![CDATA[squirtle woman porn https://t.co/O8UvRFmfEy]]></document>
		<document><![CDATA[naked southern women porn redneck https://t.co/jTq1HAadBu]]></document>
		<document><![CDATA[sex position in arabec https://t.co/LapJ7UWJDi]]></document>
		<document><![CDATA[naked body building girls https://t.co/p0Q2bt7vkm]]></document>
		<document><![CDATA[naked transexual pussy https://t.co/e0cdonU83m]]></document>
		<document><![CDATA[knudes porn pics https://t.co/62f5M77MUb]]></document>
		<document><![CDATA[drunk girls haing sex in public movies https://t.co/lmbXC5udtu]]></document>
		<document><![CDATA[girl with the sex-ray eyes hd https://t.co/2rXuW18oj3]]></document>
		<document><![CDATA[sexpornteenage https://t.co/IqZr0CCfC6]]></document>
		<document><![CDATA[femalesfuckingshemales https://t.co/q0fazqXbEr]]></document>
		<document><![CDATA[pakistani clear lady nude movies https://t.co/Nzad1lPrPO]]></document>
		<document><![CDATA[rachel boston nude sex https://t.co/R31gUt1AUo]]></document>
		<document><![CDATA[photo porno girls chinoise https://t.co/f0xLOIb3ZD]]></document>
		<document><![CDATA[nude pics adult free paris hilton https://t.co/N9Ir3ObCTm]]></document>
		<document><![CDATA[street party naked boobs https://t.co/uFVOQOfLkE]]></document>
		<document><![CDATA[lesbian oral orgy https://t.co/0bJ7NeZnMQ]]></document>
		<document><![CDATA[tokyo face fuck https://t.co/jc4DWg91NR]]></document>
		<document><![CDATA[sexy manandwoman video https://t.co/pX8f07CobT]]></document>
		<document><![CDATA[index of: jpg xxx https://t.co/9LOIPxXthM]]></document>
		<document><![CDATA[princess lea porn https://t.co/zZAi8GGtHs]]></document>
		<document><![CDATA[porn free thieves porn https://t.co/a6lvPG31X7]]></document>
		<document><![CDATA[inspector gadget penny porno sex https://t.co/H3xVufiBVi]]></document>
		<document><![CDATA[chicks fucking on motorcycles pictures https://t.co/f3qV7it8YV]]></document>
		<document><![CDATA[forcibly stripped naked and fucked https://t.co/lXnzJnpFu5]]></document>
		<document><![CDATA[porn girs cramping https://t.co/qMAQmEUpx9]]></document>
		<document><![CDATA[how to streach your anal movies https://t.co/aHGQZjk0Uu]]></document>
		<document><![CDATA[pornoform https://t.co/O0QnF7CMk8]]></document>
		<document><![CDATA[refuse cumshot https://t.co/fScmyiD8u6]]></document>
		<document><![CDATA[free pictures of naked new zealander girls https://t.co/226Yhn02C6]]></document>
		<document><![CDATA[thai teens hd video https://t.co/zV2Je930xI]]></document>
		<document><![CDATA[biautiful girls fucked https://t.co/8U9gPDvbeQ]]></document>
		<document><![CDATA[frontal nude women photo gallery https://t.co/QrGBiyHKgj]]></document>
		<document><![CDATA[haitian girl nude pictures https://t.co/4XQUnzKbrS]]></document>
		<document><![CDATA[hotyounglatinaporncom https://t.co/ihnBFMAlRp]]></document>
		<document><![CDATA[man has sex with german shepherd porn https://t.co/jCn7vNDPNE]]></document>
		<document><![CDATA[tweenyporn https://t.co/ljxWCRams9]]></document>
		<document><![CDATA[sophie chaudhary giving blowjob https://t.co/pUsacChlKj]]></document>
		<document><![CDATA[women in mens white shirts free porn https://t.co/YCbVo1dxeo]]></document>
		<document><![CDATA[south american tribal women pictures xxx https://t.co/It6NNyhWyz]]></document>
		<document><![CDATA[photos of naked women from 1800s https://t.co/4TzlGAdi7U]]></document>
		<document><![CDATA[site:teenadxxxinfo https://t.co/drgeRnz2NB]]></document>
		<document><![CDATA[nude pictures of bangladeshi women gallery https://t.co/bpnLCknFhI]]></document>
		<document><![CDATA[cutest porn teen https://t.co/EqYtCHpC3g]]></document>
		<document><![CDATA[irish girls pussy pics https://t.co/FaxcCzWlWc]]></document>
		<document><![CDATA[naked people have sexs https://t.co/2ltjieMw2O]]></document>
		<document><![CDATA[updated sex toons https://t.co/2AyYtDNPXM]]></document>
		<document><![CDATA[milf frist tme anal story https://t.co/HJ3S43XLgF]]></document>
		<document><![CDATA[australian girl fuked by a black man https://t.co/bvlftub2jk]]></document>
	</documents>
</author>