<author lang="en">
	<documents>
		<document><![CDATA[@realnick_2016 yet you're a Democrat? Got it.]]></document>
		<document><![CDATA[@coacheswyfe @ninaturner @thenation @keithellison you mean the only person who would have made it possible to not be calling Trump POTUS now]]></document>
		<document><![CDATA[@lauramhepp like how do we raise our kids in such a toxic environment? It's scary]]></document>
		<document><![CDATA[The So-called President has less understanding of how government works than a 4th grader. Sad when someone makes GWB look like a genius.]]></document>
		<document><![CDATA[@realnick_2016 it's as if you didn't read the DNC leaks...]]></document>
		<document><![CDATA[@realDonaldTrump it's as if you have less comprehension of how our government works than a 4th grader.]]></document>
		<document><![CDATA[@Harryslaststand @MarkRuffalo Yes! Once a hero, clearly always a hero. 🔥🔥🔥]]></document>
		<document><![CDATA[Who knew so many alt-right trolls living in their parents basement knew more about Constitutional Law than a Republican Federal Judge? 😂]]></document>
		<document><![CDATA[@ninaturner @thenation @keithellison I need him to admit that Bernie was robbed of the nomination and conspired against.]]></document>
		<document><![CDATA[@Signalnoise Are we going to have to organize a mass boycott of @redbubble like we've done Uber and Nordstrom?]]></document>
		<document><![CDATA[You don't have to call us the "Alt-Left." We're just The Left. We don't need another name for who we are unlike the Alt-Right does for Nazi.]]></document>
		<document><![CDATA[The Bowling Green Massacre wasn't an alternative fact, it just happened in an alternative universe. ¯\_(ツ)_/¯ https://t.co/ih0CttKUUA]]></document>
		<document><![CDATA[@PrisonPlanet @BBCNews Let's not pretend the Right Wing gives a damn about women. They're just mad they didn't think of the hijab first.]]></document>
		<document><![CDATA[@AIJagsFan they're drinking the Flint water 💦]]></document>
		<document><![CDATA[Yay Bob Iger!!! #impeachTrump https://t.co/xNa0rI36vo]]></document>
		<document><![CDATA[Know how you can tell when Kellyanne Conway is lying? Her lips are moving.]]></document>
		<document><![CDATA[Bowling Green Massacre. Straight up lies that endanger the safety of real people. At what point is there accountability for the stupidity?]]></document>
		<document><![CDATA[@SenJohnMcCain I hope you're ready to begin impeachment proceedings against this traitor now.]]></document>
		<document><![CDATA[I'll defend any bigot's right to speak the stupidity on their mind, as long as they are prepared to suffer the consequences. #UCBerkleyRiot]]></document>
		<document><![CDATA[This is your "Christian" POTUS. Ignoring the veterans, poor, the marginalized to pray for a reality TV show at "National Prayer Breakfast"]]></document>
		<document><![CDATA[Oh the precious little "snowflakes" are fighting back and fascists don't like it? Should have let him talk then kicked his teeth in.]]></document>
		<document><![CDATA[Betsy DeVos really is going to have to start worrying about bears...mama bears. We don't fuck around when our children's lives are at stake.]]></document>
		<document><![CDATA[@SenatorCollins This entire administration is a mistake.]]></document>
		<document><![CDATA[@lisamurkowski She can give Alaskans tips on smuggling in their drugs!]]></document>
		<document><![CDATA[@Schraz8 Troll on somewhere else...]]></document>
		<document><![CDATA[@Schraz8 Well she's required to know how to do the job for a start. She's required to know the laws. She doesnt. Isn't REMOTELY qualified.]]></document>
		<document><![CDATA[@Schraz8 His constituents (the people that voted for him) don't want her. She's unqualified. She gave him $50k. He votes yes. Not democracy]]></document>
		<document><![CDATA[@Schraz8 If you think DeVos is qualified for her position, America is worse off than I thought. Never has someone been so unqualified.]]></document>
		<document><![CDATA[@Schraz8 @SenatorTimScott I'm guessing this is your first time tuning into my Twitter. No one would color me a fan of Hillary either.]]></document>
		<document><![CDATA[@KDorr45 @SenatorTimScott @GreenvilleNews Why I support Betsy DeVos...."She gave me $50,000" end of story.]]></document>
		<document><![CDATA[Only way Republican Senators will be able to hope for a "next term" will be to oppose DeVos. We will move heaven and earth to defeat them.]]></document>
		<document><![CDATA[@SenatorTimScott You sold our children's (the most vulnerable citizens) futures for $50,000. I guess that's your 30 pieces of silver.]]></document>
		<document><![CDATA[For as much as Trump and his followers hated Obama and his associates they sure as hell love plagiarizing their work.]]></document>
		<document><![CDATA[Our nation's most vulnerable have been sold to the highest bidder. Senators voting for DeVos have OK'd a future we may never recover from.]]></document>
		<document><![CDATA[@ShellshockMama @SenatorBurr @NCPolicyWatch This is heartbreaking. Our nation's most vulnerable have been sold to the highest bidder.]]></document>
		<document><![CDATA[@SenatorBurr It's an important day because you just single-handedly screwed them all.]]></document>
		<document><![CDATA[@brooklynrichied @lisamurkowski Remember this Alaska. End her career the way she's ending the opportunity for your children. Vote. Her. Out.]]></document>
		<document><![CDATA[@marcorubio Florida does not want Betsy DeVos confirmed!]]></document>
		<document><![CDATA[@ShaunKing No human being capable of critical thinking should vote for DeVos or Sessions.]]></document>
		<document><![CDATA[@RandPaul Sold out the children of Kentucky's future to DeVos. Remember that when it's time for re-election.]]></document>
		<document><![CDATA[@BetsyDeVos @GOPHELP @SenAlexander God help us all.]]></document>
		<document><![CDATA[So @lisamurkowski just spent a long time trying to explain away and justify why she sold her soul and our children's future...]]></document>
		<document><![CDATA[Notice all the people writing stuff like "libtard" and 'snowflake' always use fake avatars? They're cowards and it's their digital KKK hood.]]></document>
		<document><![CDATA[@JonPeschke or his 20 year old hair piece 😂]]></document>
		<document><![CDATA[@JonPeschke I mean I want to laugh but I'm legitimately scared as to what I'll wake up to.]]></document>
		<document><![CDATA[@Krisp_y oh sweetheart, you should have paid attention in social studies and learned the definition of a law. Your dumb is showing.]]></document>
		<document><![CDATA[How do we pay for healthcare? #ImpeachTrump seize his and all his treasonous cronies assets - Make America Great Again. #impeachtrump]]></document>
		<document><![CDATA[@BernieSanders begin the impeachment process. #nationalstrike #impeachtrump]]></document>
		<document><![CDATA[@JonPeschke Then we move on to the bad hair piece manufacturers.]]></document>
		<document><![CDATA[#TheResistance National Strike!]]></document>
		<document><![CDATA[I'm done marching. I'm done calling politicians that don't answer. I want a national strike until these clowns are gone. #ImpeachTrump]]></document>
		<document><![CDATA[@TomZannini I'm serious!]]></document>
		<document><![CDATA[Now is the time for the @DNC to admit they cheated Bernie. America gets a revote and humanity gets saved.]]></document>
		<document><![CDATA[We would never have had Trump if @TheDemocrats had supported Bernie. Now they are silent. Time to leave this party behind and progress.]]></document>
		<document><![CDATA[Calling @marcorubio's office but no answer. He turned it off or other folks are mad he's being a coward and not standing up to Trump too.]]></document>
		<document><![CDATA[@SenatorCardin @WhiteHouse WHY ARE WE NOT IMPEACHING THIS ENTIRE ADMINISTRATION?!?!]]></document>
		<document><![CDATA[When one of our greatest allies legitimately has to have a parliamentary debate on whether our "POTUS" should be allowed in the country...]]></document>
		<document><![CDATA[@realDonaldTrump I hope you got approval from President Bannon to get on Twitter today.]]></document>
		<document><![CDATA[LOL at #BoycottStarbucks. Oh a bunch of ignorant fascists who don't understand how USA works won't get a beverage from Arabian Peninsula?]]></document>
		<document><![CDATA[Go to https://t.co/OfL3FPwPbR you won't regret it. #ImpeachTrump]]></document>
		<document><![CDATA[@Uber sorry! @lyft only now!]]></document>
		<document><![CDATA[@brent_whatley @_Makada_ why does the right hate American values so much?]]></document>
		<document><![CDATA[If you are applauding a #MuslimBan and calling yourself a proud American. You're not. You're an oxymoron. #impeachTrump]]></document>
		<document><![CDATA[@shookw @lingling23 How about reading the constitution? You live in a country founded on freedom from religious persecution.]]></document>
		<document><![CDATA[@PaulObrienUSA @_Makada_ I'll  stay in the place that was founded on freedom from religious persecution. Go join isis if you hate USA values]]></document>
		<document><![CDATA[@JustinTrudeau what about Americans seeking a country that hasn't lost its damn mind?!?]]></document>
		<document><![CDATA[@lingling23 better to be silent &amp; thought stupid than open your mouth and remove all doubt. Why do you hate American values so much traitor?]]></document>
		<document><![CDATA[@_Makada_ pretty sure when the idiot POTUS calls it a Muslim Ban that's what it is. Stop apologizing for the bigotry]]></document>
		<document><![CDATA[@marcorubio As my representative I want to know what you are doing against this unconstitutional development? Fight Trump! #MuslimBan]]></document>
		<document><![CDATA[@asamjulian stop hiding your pathetic weak mind behind a guise of a patriotism you clearly don't understand.]]></document>
		<document><![CDATA[NOTHING American about a #MuslimBan. Anyone calling themselves a patriot needs to be MAD AS HELL. We are better than this ignorance.]]></document>
		<document><![CDATA[Republicans "we can't afford healthcare, education or national parks, but we can find money for a useless border wall that solves nothing!"]]></document>
		<document><![CDATA[@RandPaul Please do not confirm Betsy Devos! We need to improve our educational system, not let vultures pick the bones of what is left.]]></document>
		<document><![CDATA[Apparently GOP #MarchForLife folks think a fetus can survive if its mother doesn't have clean air, water, or access to food and medicine.]]></document>
		<document><![CDATA[@Impeach_D_Trump @realDonaldTrump Higher than I expected. How do we get it lower.]]></document>
		<document><![CDATA[Do people seriously not know that that RIVERS USED TO CATCH ON FIRE before the @EPA?!?! #ImpeachTrump]]></document>
		<document><![CDATA[I take solace that in an alternate dimension, POTUS @BernieSanders  is doing the EXACT OPPOSITE of everything that's happening right now.]]></document>
		<document><![CDATA[I'm glad that scientists and the educated are finally getting pissed off. Now the ignorant can STFU and let the adults take it from here.]]></document>
		<document><![CDATA[Adding to the list of Democrats that hate women: @RepCuellar, @RepLipinski, @collinpeterson. Now we know who to vote out ladies.]]></document>
		<document><![CDATA[You know why @realDonaldTrump is signing all of this legislation against protestors? He knows shit is about to get REALLY real in America.]]></document>
		<document><![CDATA[@ZecTurd Again, I don't see a problem with that photo. So if you're trying to insult me you're only making yourself look like an ass.]]></document>
		<document><![CDATA[@ZecTurd Harvard teaches people how to compose coherent sentences. Hell even the 3rd grade does that.]]></document>
		<document><![CDATA[@GaultTodd I no longer trust the government, least of all this one. Hence my rage today. There is nothing he has done I am proud of.]]></document>
		<document><![CDATA[@GaultTodd Also, the president doesn't even PAY taxes so why does he gets to say where MY money goes? I'm fine with my money helping women.]]></document>
		<document><![CDATA[@GaultTodd It can be a life-saving procedure for women. But ban it because there aren't more important things that need to be addressed.]]></document>
		<document><![CDATA[@GaultTodd I just can't comprehend people defending policies that hurt every day people all for the sake of the rich getting richer.]]></document>
		<document><![CDATA[@GaultTodd That's unfortunately a myopic view of the world my friend. We need corporations, billionaires (and Presidents) to pay their taxes]]></document>
		<document><![CDATA[@GaultTodd The Hyde Amendment has been preventing Federal dollars from going to abortion since 1976.]]></document>
		<document><![CDATA[@GaultTodd The Mexico City Policy harms women. It actual makes abortions more dangerous. Doesn't stop them. Increase their rates actually.]]></document>
		<document><![CDATA[@GaultTodd TAX PAYER MONEY NEVER GOES TO ABORTIONS. EVER. How can people not comprehend this? IT. NEVER. GOES. TO. ABORTIONS. EVER.]]></document>
		<document><![CDATA[We could afford all this "free shit" Republicans don't want us to have if people like POTUS paid their taxes like the rest of us.]]></document>
		<document><![CDATA[@GaultTodd You're right and I apologize.]]></document>
		<document><![CDATA[@GaultTodd Global Gag Rule reinstated by Trump. Ironic that it's cheered by "Pro Life" advocates because FACTS prove it increases abortions.]]></document>
		<document><![CDATA[@GaultTodd It's called sarcasm. I know it's considered a sophisticated form of humor and discourse, but try and stick with me here...]]></document>
		<document><![CDATA[@ZecTurd What's your point? Worried her dick is bigger than yours? You know what the world needs less of - insecure, sad little men like you]]></document>
		<document><![CDATA[@GaultTodd He's too ignorant to admit it's too expensive (even though it is). Blacking out EPA, Signing bills against women's rights, etc...]]></document>
		<document><![CDATA[#ThankYouTrump for deciding a wall is too expensive so you'll just ruin the country and make it non desirable for ANYONE instead.]]></document>
		<document><![CDATA[#ThankYouTrump for showing us Americans in 4 days how North Koreans have lived their whole lives. #dictator #freeEPA #TinyHands]]></document>
		<document><![CDATA[@LifeNewsHQ You are pro-babies being born, but yet every policy you're applauding being passed simply increases abortion rates. #nologic.]]></document>
		<document><![CDATA[@LifeNewsHQ Trying to alleviate your ignorance isn't trolling. But I get it, some people are just happy being ignorant. Carry on.]]></document>
	</documents>
</author>