<author lang="en">
	<documents>
		<document><![CDATA[@mattmfm You realize it works for all politics, not just yours?]]></document>
		<document><![CDATA[@sorrykb @Infidelzfun @DLoesch @redcat0827 This takes work. Read stories, watch videos, research the emails, go to https://t.co/erRc7F7DBA.]]></document>
		<document><![CDATA[@sorrykb @DLoesch @redcat0827 FEC db is not a conspiracy theory.]]></document>
		<document><![CDATA[@sorrykb @DLoesch @redcat0827 Any evidence that counters your worldview is discarded. Understood.]]></document>
		<document><![CDATA[@GenGreivance @sorrykb @redcat0827 @DLoesch She was paid over 31K for 7 months work, on 4 PACS. A paid protester.]]></document>
		<document><![CDATA[@GenGreivance @sorrykb @redcat0827 @DLoesch Zulema Rodriguez. FEC records, multiple PACS. Then is in car blocking PHX road, fake passerby.]]></document>
		<document><![CDATA[@GenGreivance @sorrykb @redcat0827 @DLoesch So you never read the emails, saw the video, or looked at PAC payroll data? Hmmm.]]></document>
		<document><![CDATA[@GenGreivance @sorrykb @redcat0827 @DLoesch PACs searchable db, AND video, and emails. CL just a data point that could be faked. 3 more? No.]]></document>
		<document><![CDATA[@sorrykb When proof to contrary arises from multiple sources, that is when.]]></document>
		<document><![CDATA[@DLoesch @sorrykb @redcat0827 Re-read what you posted.]]></document>
		<document><![CDATA[@GenGreivance @sorrykb @redcat0827 @DLoesch As are all emails and video and PACs. All created to make liberals look bad  yep. /s]]></document>
		<document><![CDATA[@sorrykb @DLoesch @redcat0827 No idea what triggered the usage of "stupid".]]></document>
		<document><![CDATA[@michaelkeyes @benjammer83 Watching Charlie Rose squirm, hem haw, and equivocate was disturbing. He cannot call some thing what it is.]]></document>
		<document><![CDATA[@jimmy_dore @hansalexrazo Was he replaced by a clone in the last hour? What the what?]]></document>
		<document><![CDATA[@sorrykb @redcat0827 @DLoesch I have lived and volunteered in the developing world. Over to you.]]></document>
		<document><![CDATA[@sorrykb @redcat0827 @DLoesch Project Veritas has DNC employees on video admitting to paid and fake protesters. Podesta emails reference it.]]></document>
		<document><![CDATA[@sorrykb @redcat0827 @DLoesch Well, I saw the ads on CL myself, and the emails, and the videos, and I was at the protests. So, yes. Paid.]]></document>
		<document><![CDATA[@PrisonPlanet @RubinReport @infowars Paul, I share the same response. What happened to the Liberals I knew in 1980? Dangerous &amp; distressing.]]></document>
		<document><![CDATA[@foxandfriends @TomiLahren on FnF! Moving on up.]]></document>
		<document><![CDATA[@GodspeedTrumps That wasn't in the XO,  enacted by policy. So your explanation makes sense.]]></document>
		<document><![CDATA[@SethAMandel Trump is on the third axis of the political spectrum test. Not measured. Populist, nationalist, consrv, liberal on some things.]]></document>
		<document><![CDATA[@GodspeedTrumps Lots I disagree with. Don't like his NO tax returns, think the Green Card arrests were illegal and unwise.]]></document>
		<document><![CDATA[Will have to get some software to cull the fakes, I only want real organic followers.]]></document>
		<document><![CDATA[Wow. Auto followed by dozens of Arabic language bots. I had 275 followers 2 days ago, now 700.]]></document>
		<document><![CDATA[@shellyhawthorne @gato_danger Which word do you believe I don't understand?]]></document>
		<document><![CDATA[@us_atoday @DayumMaam What would be the response if USA spent $50mn to keep their citizens in MX CH KH on overstayed visas?]]></document>
		<document><![CDATA[@mkraju @benshapiro @ElizLanders Meaning strip cloture rules, require simple majority, ignore Dems in committee, vote. 51 confirms nominees.]]></document>
		<document><![CDATA[@shellyhawthorne @gato_danger You have crossed over the line into fascism, yourself. This is THE issue - The Left are fascist and in denial.]]></document>
		<document><![CDATA[@up_viking This idea is spreading among the left. Words, ideas, beliefs, opinions, now justify physical violence.]]></document>
		<document><![CDATA[@jewelagave @CarolFoster13 If Dems miscalculated, they could hand supermajority to Reps in 2018. Best be careful.]]></document>
		<document><![CDATA[@NesrineMalik @meditationxvii  When the protests are violent, how to stop riots? Ask nicely? Didn't work in WDC.]]></document>
		<document><![CDATA[@NesrineMalik @meditationxvii The Left is justifying physical violence as an appropriate response to words or ideas they disagree with.]]></document>
		<document><![CDATA[@NolteNC @jazzyjenni77 Court still centrist as had been for decades. Need another appointment to move it to the right.]]></document>
		<document><![CDATA[@frankthorp @NBCNews That's 4 boycotted votes, yes?]]></document>
		<document><![CDATA[Sessions gets vote to confirm from committee. @KristinnFR https://t.co/cuZeSFfE3O]]></document>
		<document><![CDATA[@chrislhayes @_grantli Nothing prevents you from flying to Sudan, taking child to a 3rd nation, and paying for that child's care.]]></document>
		<document><![CDATA[@KristinnFR  Senate committee waives rules, nominees move to floor vote. https://t.co/N8ax1Sgc3l]]></document>
		<document><![CDATA[@GodspeedTrumps @LouDobbs Short-term thinking, again. Expand XO authority, reduced filibuster rules, more POTUS power. Good 4Dems. Oh no! R!]]></document>
		<document><![CDATA[@joseiswriting Employees often who report them to the police, then take all they can when the illegal is deported. How dare you lecture us.]]></document>
		<document><![CDATA[@joseiswriting Undocumented employers who hire 14 citizens in Asia, are exposed to the police, business is seized, they are deported.]]></document>
		<document><![CDATA[@OfficialMsPriss @mateagold @washingtonpost More excuses and double standards. One set of rules for your Democrats. Others,?...]]></document>
		<document><![CDATA[@RonWyden So in 2006 you did not care about those rights, when you confirmed him?]]></document>
		<document><![CDATA[@dannevirkenz @SocialPowerOne1 @kattracy @MoscowTimes Your planet does not exist, again with the non-reality based thinking. Dems lost seats]]></document>
		<document><![CDATA[@kattracy @dannevirkenz @SocialPowerOne1 There are none. That is the point, Left has become violent.]]></document>
		<document><![CDATA[@politico @kenvogel Protests and matches are terrific. Blocking roads and sidewalks, breaking windows, are not terrific.]]></document>
		<document><![CDATA[@MaryL_Roche @redcat0827 @DLoesch Clinton Foundation being researched by FBI and others.]]></document>
		<document><![CDATA[@kattracy @dannevirkenz @SocialPowerOne1 I don't see mobs of Trump supporters beating up people. The few who did were arrested as should be.]]></document>
		<document><![CDATA[@shellyhawthorne @gato_danger You realize you just expressed public support for a coup? Liberals are the violent ones. Tragic.What happened?]]></document>
		<document><![CDATA[@dannevirkenz @SocialPowerOne1 @kattracy @MoscowTimes The bigotry is coming from the Left as well and this is the danger. Violence now OK.]]></document>
		<document><![CDATA[@dannevirkenz @SocialPowerOne1 @kattracy @MoscowTimes You and I lived on different planets since 1989, it seems.]]></document>
		<document><![CDATA[@vivelafra @delaynelee Nixon, Ford, Carter, Reagan, Bush 41, Clinton, Bush 43 - ALL refrained from comment on current POTUS. Obama? Nope.]]></document>
		<document><![CDATA[@dannevirkenz @SocialPowerOne1 @kattracy @MoscowTimes Let's continue the cold war due to political bigotry. Terrible idea!]]></document>
		<document><![CDATA[@SocialPowerOne1 @kattracy @MoscowTimes Anti-Russian thought has to stop. Enough! This is 60 year old thinking.]]></document>
		<document><![CDATA[@TRobinsonNewEra @ma_liky_ Base ban upon treatment of gays, women, banning Jews.]]></document>
		<document><![CDATA[@samswey I have lived abroad. Do you have ANY idea what would happen if I applied for benefits in Mexico? China? Guess.]]></document>
		<document><![CDATA[@rpmiller4 Explain Why the protests but none about Muslim Nations that ban Jews, kill gays, oppress women? Clearly a double standard.]]></document>
		<document><![CDATA[@TomthunkitsMind @TallulahSC U.N. passed resolution against Israel, but not against Muslim Nations that kill gays, oppress women, ban Jews.]]></document>
		<document><![CDATA[@MelvinGordon6 @10thAmendment @TheIJR I suspect Trump is deliberately provoking and trolling them to have them self destruct and lose again.]]></document>
		<document><![CDATA[@ABC Two person authentication.]]></document>
		<document><![CDATA[@FactsVsOpinion @wpjenna He was judged on the content of his character, not by the color of his skin.]]></document>
		<document><![CDATA[@NadineElhindi @yakmon Lose. Minority. Whine.]]></document>
		<document><![CDATA[@WSJ They all worked at Apple factories in Guangdong, stole the Manu methods, set-up own factories, now make phones for $100.]]></document>
		<document><![CDATA[@larryelder @yakmon The optics of this play against the Democrats. They are converting more voters for the opposition.]]></document>
		<document><![CDATA[@thehill The Senate raved about him in 2006.]]></document>
		<document><![CDATA[@rpmiller4 Americans are banned from Iran. We don't care, not incited to violence. Why do you hold Muslims to this lower standard?]]></document>
		<document><![CDATA[@rpmiller4 Why do you assume Muslims are so fragile that they react with violence to any challenge?]]></document>
		<document><![CDATA[@Franield @Richard_Primus @MaryBethKane123 
Squashing 3 or 4 will have them lose their seats. Also 40% raved about him in 2006. On video.]]></document>
		<document><![CDATA[@masonbo @LeahRBoss Never happen, they do that constantly.]]></document>
		<document><![CDATA[@mateagold @washingtonpost But silence on the billions thru all the Clinton Foundations?]]></document>
		<document><![CDATA[@LeahRBoss @masonbo Sexist, yes.]]></document>
		<document><![CDATA[@craigaroo @coreysighsoften @MaryBethKane123 @Richard_Primus I try to tell my friends to stop, or prepare for 8 years of Trump. They can't.]]></document>
		<document><![CDATA[@HorseyFresh @joseiswriting @DefineAmerican Vargas was born in the RP.]]></document>
		<document><![CDATA[@joseiswriting @DefineAmerican What do you call someone who overstays their visa in the Philippines?]]></document>
		<document><![CDATA[@TuckerCarlson @joseiswriting Careful. Trump is about to do something about this soon.]]></document>
		<document><![CDATA[@MaryBethKane123 @coreysighsoften @Richard_Primus If you mess up on facts like that, hard to take anything after that seriously...]]></document>
		<document><![CDATA[@BrendanNyhan @seedywumps Are you referring to Snowden or Banning?]]></document>
		<document><![CDATA[@berlinvious @JoshNoneYaBiz Name calling guarantees a second term and huge Senate losses.]]></document>
		<document><![CDATA[@TeamPelosi At least we will get to read it before you pass it.]]></document>
		<document><![CDATA[@MaryBethKane123 @coreysighsoften @Richard_Primus Republicans just watched for two years while Obama wasted it on a failed bill, the PPACA]]></document>
		<document><![CDATA[@MaryBethKane123 @coreysighsoften @Richard_Primus BHO had the House, Senate, and Presidency for 2 years. Had 60% in Senate until Feb 2010.]]></document>
		<document><![CDATA[@redcat0827 @DLoesch About $25-40/hr at protests, plus 2500/month and commitment to 6 actions a year. Really. That is what the ads promise.]]></document>
		<document><![CDATA[@MaryBethKane123 @coreysighsoften @Richard_Primus That was sarcasm. The Left has to stop throwing tantrums, or it risks becoming irrelevant.]]></document>
		<document><![CDATA[@SVTDrone @grooveva @andieiamwhoiam @aziaone1 ^^^^^ This.]]></document>
		<document><![CDATA[@timogeo @ApocalypticaNow @lhfang Lost because of the fractal naval gazing, that put everyone out of touch with many Americans.]]></document>
		<document><![CDATA[@menjicm @JimmyA_Shook1s Republicans blocked, and won. Dems will only self destruct.]]></document>
		<document><![CDATA[Maybe Trump is instigating the far left, with the many fast XO, to show USA their true colors, then in 2018 voters kick out the Democrats.]]></document>
		<document><![CDATA[@stephenfhayes @mrsjcjones Dems have 23 Senators running, 2Independent, 8 Republicans.This could be disastrous for them if played wrong way.]]></document>
		<document><![CDATA[@chapmanchapman @bayofarizona If the protesters weren't violent extremists, this level of protection would not be needed.]]></document>
		<document><![CDATA[@DineshDSouza @MarieMa49685063 @realDonaldTrump He disarms their entire toolkit by not apologizing.]]></document>
		<document><![CDATA[@MaryBethKane123 @coreysighsoften @Richard_Primus Good luck stonewalling for an entire administration.]]></document>
		<document><![CDATA[@timogeo @ApocalypticaNow @lhfang You will never get it.Always with the minutae. She lost because she is dishonest, corrupt, and going 2jail]]></document>
		<document><![CDATA[@LolaGPatton1 Liberals do this constantly Conservatives are stupid. How stupid do you think someone with 3.5bn $ can be? He'd lose all money]]></document>
		<document><![CDATA[@RonWyden @MariaTevesGonz Only took 45 minutes for the Dems to obstruct. Lovely.]]></document>
		<document><![CDATA[@LolaGPatton1 Who could ever...?]]></document>
		<document><![CDATA[@MaryBethKane123 @coreysighsoften @Richard_Primus Clinton supporters didn't behave this way. You don't get your agenda with the new admin.]]></document>
		<document><![CDATA[@MaryBethKane123 @coreysighsoften @Richard_Primus You don't get Obama's nominee approved. Obama is not @POTUS.]]></document>
		<document><![CDATA[@MaryBethKane123 @coreysighsoften @Richard_Primus So you plan to not vote on 3-5 nominees? Stomp your feet some more.]]></document>
		<document><![CDATA[@ToniKalHan @mekismet @BenAffleck He actually was good. Not as bad as I feared.]]></document>
		<document><![CDATA[@GopAaron2 Dewsbury, WF12 9NQ, they are returning from Zakaria Masjid mosque. Seville Road at Park Road/South Street. South of Leeds.]]></document>
		<document><![CDATA[@coreysighsoften @Richard_Primus @MaryBethKane123 Insulting others guarantees leftist irrelevancy for decades.]]></document>
	</documents>
</author>