<author lang="en">
	<documents>
		<document><![CDATA[and i'm really confused and conflicted on what to do]]></document>
		<document><![CDATA[ok i was swerving for ethan in the game coz my sister wanted grayson but now i think my character likes grayson more and vice versa]]></document>
		<document><![CDATA[@EthanDolan @GraysonDolan y'all will be legal in ireland by christmas this year how do you feel about that]]></document>
		<document><![CDATA[@EthanDolan i read this as "poured pizza"]]></document>
		<document><![CDATA[@EthanDolan ugh why are you so costly to date on episode]]></document>
		<document><![CDATA[all i want to do is continue my "date" with ethan but it costs 30 gems and i only have 20]]></document>
		<document><![CDATA[i'm playing the dolan twins thing on episode and it's so frustrating coz i've only got 20 gems but i want to do everything ughhh]]></document>
		<document><![CDATA[feels whopper knowing facebook chose ireland to use the facebook stories ever though it doesn't work for me :(]]></document>
		<document><![CDATA[david and victoria beckham are the real goals]]></document>
		<document><![CDATA[throwing it back yer https://t.co/zB3Kp0NMzs]]></document>
		<document><![CDATA[but maybe it's just the version coz youtube probably made the pitch higher coz copyright and all that]]></document>
		<document><![CDATA[it literally hurt my ears]]></document>
		<document><![CDATA[everyone's so beautiful #dolansgivemeconfidence]]></document>
		<document><![CDATA[i usually have all my homework finished and all showered and all by now but nah i'm still homeworking and i've lots to do]]></document>
		<document><![CDATA[journals has such bangers]]></document>
		<document><![CDATA[i've to start proper dieting and exercising from now on]]></document>
		<document><![CDATA[@justinbieber @NHL you're playing against jeremy gilbert]]></document>
		<document><![CDATA[what the fuck is up with callum???? all that was clearly an act and he's just turning into his dickhead self i suppose #CBB]]></document>
		<document><![CDATA[i feel like i've had this rant before ?]]></document>
		<document><![CDATA[coz all my friends are too and there's just some guys who are just fuckable]]></document>
		<document><![CDATA[i'm becoming very sexually frustrated lately]]></document>
		<document><![CDATA[period is over💯💯💯]]></document>
		<document><![CDATA[so facebook want to introduce stories now????]]></document>
		<document><![CDATA[@ninadobrev @THR this has officially made my life]]></document>
		<document><![CDATA[like her funeral/goodbye fucked me up entirely i am crying i'm so so happy ninas back !!!!]]></document>
		<document><![CDATA[YES YES YES IM CRYING OH MY GOS!!!!!!!! https://t.co/PntMbNqLNY]]></document>
		<document><![CDATA[i'm an actually poet ??]]></document>
		<document><![CDATA[if you dare to cut your hair i swear @GraysonDolan https://t.co/fcgX7sB8UD]]></document>
		<document><![CDATA[i never drunk text people thank god]]></document>
		<document><![CDATA[body goals https://t.co/EROqlGwzJg]]></document>
		<document><![CDATA[that's disgusting but i feel horrible]]></document>
		<document><![CDATA[feel like i'm gonna shit through my mouth]]></document>
		<document><![CDATA[my hot water bottle stayed at my stomach all night i don't think i moved]]></document>
		<document><![CDATA[huda beauty and kylie cosmetics are so similar]]></document>
		<document><![CDATA[my hearing seems to be better at night]]></document>
		<document><![CDATA[and so you take lots and lots of selfies and they all look bomv so you just wanna pat yourself on the back coz u hot af]]></document>
		<document><![CDATA[do you ever get those moods when you know you look good]]></document>
		<document><![CDATA[i always get so happy when this one person likes my photos on insta idk why]]></document>
		<document><![CDATA[like now i'm 12-14 so i don't have that much but it's still a way away so better get to it]]></document>
		<document><![CDATA[by summer i want to be like a size 6-8 (uk size)]]></document>
		<document><![CDATA[i'm not gonna post pics of the kids in my family i feel like i shouldn't]]></document>
		<document><![CDATA[my music app keeps fucking changing song in the middle of a song]]></document>
		<document><![CDATA[whenever i see pics of class in america it literally looks like they do nothing and nobody pays attention]]></document>
		<document><![CDATA[@ThatCanadianJDB i'm so happy with myself it feels so good😅]]></document>
		<document><![CDATA[i can see my waist getting smaller and i'm so so happy !]]></document>
		<document><![CDATA[#twoformsofprotection]]></document>
		<document><![CDATA[i'm always scared incase i leak through my tampon so i always wear a panty liner when i have my period]]></document>
		<document><![CDATA[i wanna meet the twins so bad]]></document>
		<document><![CDATA[long thin hands and finger make me so so happy]]></document>
		<document><![CDATA[his fucking hands !!!!!! https://t.co/2H4AjnNrR1]]></document>
		<document><![CDATA[ethan is such boyfriend material]]></document>
		<document><![CDATA[you know i'm sick when i don't go for food with my fam]]></document>
		<document><![CDATA[no i hate having my period i hate going to school with my period ugh]]></document>
		<document><![CDATA[love love waking up with my period🙂]]></document>
		<document><![CDATA[how stunning https://t.co/YthlFij3YY]]></document>
		<document><![CDATA[@TheTideEzmay @Ashton5SOS i was scrolling through insta and i thought it actually was joseph morgan and i was like wtf but yeah ikr]]></document>
		<document><![CDATA[am i the only person who thinks matt pauling kinda looks like joseph morgan aka klaus https://t.co/rcCPFGAbka]]></document>
		<document><![CDATA[you know you have a problem when you make a 3 minute video dedicated to delena vines]]></document>
		<document><![CDATA[i could eat chicken burgers until the day i die]]></document>
		<document><![CDATA[tammyhembrow's video https://t.co/qP19A0UQz8 oh my god the cutest]]></document>
		<document><![CDATA[awh i feel so happy for james c but i feel so bad for speidi i love them so much #cbb]]></document>
		<document><![CDATA[my elbow is fucked up idk what i did]]></document>
		<document><![CDATA[brother goals https://t.co/rnzJg4pjme]]></document>
		<document><![CDATA[if anyone wants to watch their vines again download this app, you can watch all the vines you've revined or liked https://t.co/xJyS2hpPlw]]></document>
		<document><![CDATA[woah you can watch it live hahahah no thanks https://t.co/EJHvTv1qsI]]></document>
		<document><![CDATA[justin followed/rt'd me 4 years today oh gosh that flew by]]></document>
		<document><![CDATA[my mam said she's gonna be hard on my about school:( ugh i can't do it]]></document>
		<document><![CDATA[they're attractive and manly looking that i would fuck them]]></document>
		<document><![CDATA[and i've realised that i think that about so many people]]></document>
		<document><![CDATA[me and my friend were talking about how people aren't good looking like we don't fancy them but they're fuckable]]></document>
		<document><![CDATA[idk what anyone thinks cameron dallas is fucking hotttt]]></document>
		<document><![CDATA[i'm gonna try win some coz i really wanna go like omg i'm so sad]]></document>
		<document><![CDATA[like i can't afford €100 for a ticket for basically the same concert i've seen already my mam wouldn't pay that much]]></document>
		<document><![CDATA[i have seen justin in every concert he's had in ireland… except this year and that makes me sad]]></document>
		<document><![CDATA[the things that i used to wear 2-3 years ago are atrocious]]></document>
		<document><![CDATA[i feel like i'm giving birth the pain is so bad wtf]]></document>
		<document><![CDATA[i haven't studied at all yet]]></document>
		<document><![CDATA[but idk how coz the photo is horrible???]]></document>
		<document><![CDATA[i'm not popular on insta like i get 40/50 likes on everything lol but the photo that i uploaded yesterday got like 65]]></document>
		<document><![CDATA[i'm the pic i put on insta my teeth look so wonky wtf]]></document>
		<document><![CDATA[when i rt something i won't like it too you only deserve 1]]></document>
		<document><![CDATA[mic lowry are so good!!!!! love them]]></document>
		<document><![CDATA[i seen so many dicks on my tl]]></document>
		<document><![CDATA[my back is in so much pain]]></document>
		<document><![CDATA[kendall jenner is even more stunning when she wears red lipstick😍😍]]></document>
		<document><![CDATA[i really can't do school and exams and orals anymore #bye]]></document>
		<document><![CDATA[like if i had a big dinner i wouldn't be hungry for a while but if i had a sandwich i will be hungry 20 mins later]]></document>
		<document><![CDATA[lately i am hungry all the time]]></document>
		<document><![CDATA[which is basically a memory test that determines whether you get into college or not]]></document>
		<document><![CDATA[i'd much rather do continued assessments than have one big leaving cert at the end]]></document>
		<document><![CDATA[why https://t.co/L9sioWJCMh]]></document>
		<document><![CDATA[chloe from geordie shore is a fucking scumbag she's a rude bastard i hate her so fucking much #cnn]]></document>
		<document><![CDATA[i'm litch so fucking annoyed]]></document>
		<document><![CDATA[it makes me want to cry i want to stay with him all day every day so he doesn't get bullied i get so angry and sad for him]]></document>
		<document><![CDATA[he goes along with his day and he gets bullied for it]]></document>
		<document><![CDATA[it makes me so sad coz he's so quiet and he's annoyingly like i know he is but he's only 11 leave him alone he doesn't start any trouble]]></document>
		<document><![CDATA[my brother always gets bullied by fucking idiots i'm not kidding if they do it again i'll punch every single one of them]]></document>
		<document><![CDATA[i always burp a lot before i get sick and my mouth gets v watery also]]></document>
		<document><![CDATA[why am i the only one awake in my house]]></document>
		<document><![CDATA[love love love spencer and heidi so much #cbb]]></document>
	</documents>
</author>