<author lang="en">
	<documents>
		<document><![CDATA[This is fucking terrifying https://t.co/QBzCK2YEzP]]></document>
		<document><![CDATA[@David_Moscrop by nemesis for the record is the moustachioed hipster-racist JJ McWhitePower]]></document>
		<document><![CDATA[@David_Moscrop you are your own worst enemy Dave, and you know it]]></document>
		<document><![CDATA[Why White Nationalists Are the Extremists We Should Fear 
 https://t.co/jWM9wYKSt1 via @ManishaKrishnan]]></document>
		<document><![CDATA[Board of Trade raises housing alarm, childcare costs before B.C. election https://t.co/oe8dOwuAFj #bcpoli]]></document>
		<document><![CDATA[American institutions won't keep us safe from Donald Trump's excesses | Corey Robin https://t.co/xTE8bwzjke]]></document>
		<document><![CDATA[Nasty bunch these BC Libs... but interesting they're giving earned media to an actual climate plan! https://t.co/m9yH16gvgQ]]></document>
		<document><![CDATA[We need the state now more than ever. But our belief in it has gone | Aditya Chakrabortty https://t.co/z7OrjXifZB]]></document>
		<document><![CDATA[I can't find a single tart tongued tweet on this betrayal from you. You've CHANGED Moscrop! https://t.co/fWm9xoBCcz]]></document>
		<document><![CDATA[Ed Broadbent: Trudeau’s broken promise on electoral reform betrays the public interest  https://t.co/NisWCcEgkd]]></document>
		<document><![CDATA[Trudeau breaks promise to change voting system in time for 2019 election https://t.co/OECuN5mkXh via @NatObserver]]></document>
		<document><![CDATA[It’s not the Liberals fault for lying about electoral reform, it’s yours for believing them https://t.co/6FIFipoEKl via @fullcomment]]></document>
		<document><![CDATA[The ersatz quality to Trudeau's 2015 commitment is all the more grating and galling now that he's betrayed it… https://t.co/WsEOQ0RZwG]]></document>
		<document><![CDATA[@colbycosh Storp Trumpz! is our motto. But our argument is rooted in will to address false majorities, encourage cross party collab]]></document>
		<document><![CDATA[Cynical. So patently political and detrimental to the integrity of our democratic institutions. https://t.co/UCNcERINBa]]></document>
		<document><![CDATA[Sunny ways and #realchange collapse under clouds of arrogance and entitlement. So fucking cynical]]></document>
		<document><![CDATA[Great way to build trust in times of upheaval? Bury electoral reform for self serving partisan reasons. Rotten! https://t.co/x8fuZREMcu]]></document>
		<document><![CDATA[KING: The world should be grieving over Canadian mosque shooting https://t.co/oveRT5Y0sU]]></document>
		<document><![CDATA[Ezra Levant denounced for trying to make money off Québec City terrorist attack #cdnpoli #cdnmedia https://t.co/AhSyPBVPXp]]></document>
		<document><![CDATA[Bomb threat at the London Jewish community centre where I grew up...  https://t.co/gwq0UuzqTe #scared]]></document>
		<document><![CDATA[@ArmineYalnizyan oh geez... i can't handle this suspense.]]></document>
		<document><![CDATA[@MohamedMOSalih as a proud Londoner myself, I'm pretty stoked you're joining!]]></document>
		<document><![CDATA[So excited about this year's Summit. Check out our initial speakers including @MohamedMOSalih @LindellSmithHFX… https://t.co/rxY0V6SCOA]]></document>
		<document><![CDATA[Must read here from @Martin_Lukacs on glaring gap between appearance and action from @JustinTrudeau https://t.co/6C6dXSb7Wc]]></document>
		<document><![CDATA[Explicit white nationalism, loud and proud in #cdnmedia. Sun news had a gloss with Aikin and others who did serious… https://t.co/XMPrGZ6KYs]]></document>
		<document><![CDATA[Islamophobia in Quebec/Canada (incl. broader white supremacy) must be the backdrop for how we talk about what happened and is happening ...]]></document>
		<document><![CDATA[Burka bans, values tests and charters. Rampant islamophobia is lie that must be put to "diversity our strength" ... https://t.co/QMNedxZJCG]]></document>
		<document><![CDATA[@beisan @sara_mayo fack! and fuck that piece of shit]]></document>
		<document><![CDATA[It is spelled "malice" https://t.co/Snu0W4etoI]]></document>
		<document><![CDATA[Some good news... https://t.co/VIkL8i5x3w]]></document>
		<document><![CDATA[This is the face of today's conservative movement. Disgraceful! #cdnpoli https://t.co/ZwdMjEiwk0]]></document>
		<document><![CDATA[We need more than platitudes. Name Trump racist policies and challenge them https://t.co/RjTCvuiIl3]]></document>
		<document><![CDATA[@thefutureyousee @robgillezeau I don't care about tone. This crosses a Rubicon.  Time for wait and see is gone.]]></document>
		<document><![CDATA[@CJPAC what are Jewish orgs doing to stand up and speak out on #muslimban ? I'd like to get involved]]></document>
		<document><![CDATA[Fuck the soft response to this disgusting #Muslimban. @JustinTrudeau you must name Trump and fight this head on as the racist outrage it is]]></document>
		<document><![CDATA[Good riddance. Social democrat has to mean something https://t.co/Ys9YFFa1Tg]]></document>
		<document><![CDATA[@KayleHatt well we have our answer on Cardy]]></document>
		<document><![CDATA[In awe of @cblackst determination to do right by Indigenous children no matter the cost. @JustinTrudeau — ACT NOW! https://t.co/oD66YqRGkK]]></document>
		<document><![CDATA[And polanyi https://t.co/zujb0eLTGD]]></document>
		<document><![CDATA[@TheTyee I mean em! Also, I'm trying to butter up @robynchirps for when I submit a review of the Run the Jewels show in Feb ; )]]></document>
		<document><![CDATA[If you don't already, consider becoming a Tyee builder here: https://t.co/zJngzY5WBJ]]></document>
		<document><![CDATA[.@TheTyee is indispensable to #cdnmedia ecology. David Beers is best editor I ever worked with. Torch has been pass… https://t.co/sFcbWpe3do]]></document>
		<document><![CDATA[Smart money is on Judge Judy... https://t.co/BV5lo68Zwu]]></document>
		<document><![CDATA[Had a dream last night that combined campaigning in French presidential elections &amp; yelling at Subway for having too much mayo in their Tuna]]></document>
		<document><![CDATA[I remember well Trudeau pitching Keystone at an @amprog conference. Wrong then,  wrong now https://t.co/ZiIcTzPAAd]]></document>
		<document><![CDATA[BC NDP leader John Horgan pledges to make climate change “integral" to his policies https://t.co/jUN4be7P9n via @NatObserver]]></document>
		<document><![CDATA[Trudeau is twisting himself into an incomprehensible, incoherent pretzel here on #KeystoneXL its tough to watch]]></document>
		<document><![CDATA[Let's build all the pipelines! - Trudeau &amp; Notley, apparently https://t.co/wbuREEDsIr]]></document>
		<document><![CDATA["Lately I been glowed up... paper finally showed up" https://t.co/CkP1Fk2qRz]]></document>
		<document><![CDATA[How to Build a Mass Movement - https://t.co/vbem7SLsDI]]></document>
		<document><![CDATA[@AndrewMitrovica Indeed. ("Sad "was my subtle nod to Trump's twitter style)]]></document>
		<document><![CDATA[Reflecting on the fact our public broadcaster legitimized O'leary, trumpeted his neoliberal worldview and made him… https://t.co/zXzKfEalhI]]></document>
		<document><![CDATA[@blacklikewho can you please go ask for a selfie and then video-ask him why he repealed the 1993 Employment Equity Act?]]></document>
		<document><![CDATA[#wagesofwhiteness https://t.co/43s1O6Tcak]]></document>
		<document><![CDATA[Consider this Jewish guy with her #ImarchwithLinda https://t.co/62zZmwcwJc]]></document>
		<document><![CDATA[3 staggering charts show how the gap between rich and poor is growing in British Columbia #canlab #bcpoli #vanpoli https://t.co/2tMKbcV2iX]]></document>
		<document><![CDATA[Getting set for #ThinkBigBC @broadbent event in Vancouver. @jjhorgan joining us to talk about climate and BC green… https://t.co/uxw9TtRxnJ]]></document>
		<document><![CDATA[Minister @PattyHajdu @AhmedDHussen Its time for open work permits for #MigrantWorkers. Its basic fairness! https://t.co/UVxhHkIBSR #cdnpoli]]></document>
		<document><![CDATA[Dusting off Arendt's 'on anti-semitism'.... https://t.co/twGNxS0FOn]]></document>
		<document><![CDATA[The coverage of the #CPC leadership race @pressprogress has been fucking superb https://t.co/oMf51fDeCq]]></document>
		<document><![CDATA[A woman’s place is in the National Assembly: a thank-you note to Françoise David https://t.co/gm3FWS520f via @ricochet_en]]></document>
		<document><![CDATA[Trump, Canada and life after NAFTA? https://t.co/IyflxMWgsr via @andrew_ajackson]]></document>
		<document><![CDATA[As @CharlieAngusNDP pointed out clearly, if these were white kids people would be fired #cdnpoli https://t.co/tub56xTxra]]></document>
		<document><![CDATA[Kellie Leitch calling @BLM_TO bullies... the bald face of white nationalism https://t.co/oyl3ljXA6g]]></document>
		<document><![CDATA[Jfc... so many voices in this country.  INK goes to Sue Anne . Walrus a dead carcas https://t.co/epyzR8i35v]]></document>
		<document><![CDATA[@morgan__ben @davidakin @globeandmail Few things I'd praise Harper for. Improving his FR proficiency (even fluency) is one of them]]></document>
		<document><![CDATA[Justin Trudeau was questioned on Indigenous rights in the middle of a selfie. This was his reaction. #cdnpoli https://t.co/wXdGJjBgDQ]]></document>
		<document><![CDATA[Former Harper comms director not minicing words on the Franco-phobic clownshow in the #CPC race https://t.co/DQN2fFj03T]]></document>
		<document><![CDATA[Damn, winter mornings in Montreal can be so perfect https://t.co/ax8IhZSj1m]]></document>
		<document><![CDATA[Welcome news... https://t.co/dZRBdEzhiq]]></document>
		<document><![CDATA[That booming economy has a dark underbelly https://t.co/7JRMqKD5ib]]></document>
		<document><![CDATA[Now more than ever, we need to promote social democratic ideas, values and policies far and wide https://t.co/gTtxz0Msmq]]></document>
		<document><![CDATA[@robgillezeau yeah. and the rigour matters of course. But surprise people are off put that 8 individuals control APPROX 1/2 world's wealth ?]]></document>
		<document><![CDATA[Nothing to see here folks... https://t.co/jdTbMznNiV]]></document>
		<document><![CDATA[@robgillezeau it's also ignorant from the social reality of what wealth confers that income doesn't automatically (status, access, etc.)...]]></document>
		<document><![CDATA[@robgillezeau I don't doubt it. But was pointing out some careful scholars (the late Tony Atkinson, Piketty/Saez) have made strides]]></document>
		<document><![CDATA[@robgillezeau totally. I was responding to @stephenfgordon assertion that wealth is irrelevant to anyone serious about studying inequality]]></document>
		<document><![CDATA[What of the disproportionate effect foreclosures had on the loss of wealth in the Black community? Seems germane pa… https://t.co/COL869jMwv]]></document>
		<document><![CDATA[Jfc ... that is some white guy shit to the nth degree https://t.co/L0tCKoH9c2]]></document>
		<document><![CDATA["Economic populism means nothing if it is not fused with antiracism and anti-misogyny..." Read about our plan to ch… https://t.co/XRxYE3sI9F]]></document>
		<document><![CDATA[@stephenfgordon Atkinson and Piketty focus a lot on wealth, inter-generational dimensions. Very relevant to foreclosure issue in US too]]></document>
		<document><![CDATA[@stephenfgordon This claim apply to careful historical work of Tony Atkinson, Piketty/Saez?]]></document>
		<document><![CDATA[@ArmineYalnizyan great chart Armine!]]></document>
		<document><![CDATA[Indeed... Great piece @JimboStanford ... We miss you dearly here! https://t.co/dBoVhzWPz7]]></document>
		<document><![CDATA[Yep... this about sums it up https://t.co/Jb4sb4Rm5m]]></document>
		<document><![CDATA[Important piece here from @alexhimelfarb and Roy Romanow https://t.co/MXXMSoX95Y]]></document>
		<document><![CDATA[Why Millennials Aren’t Afraid of Socialism via @thenation https://t.co/4DU8PM6tV6]]></document>
		<document><![CDATA[Remembering the wonderful Ellen Meiksins Wood today, a nice obituary here from Globe after her death last year https://t.co/QX4x62DkvG]]></document>
		<document><![CDATA[@JJ_McCullough big words, small minded parochial values, and an annoying play dumb attitude when confronted about your white supremacy]]></document>
		<document><![CDATA[You essentialize ethnicity, and talk of it instrumentally, politics as a game. And I read your work in the hue of p… https://t.co/RYL77m0pdk]]></document>
		<document><![CDATA[Ah the old 'end of history', neoliberal spin on solutions as absent ideology. Nope. https://t.co/5bRh4X3qXF]]></document>
		<document><![CDATA[Another element of wild west of $ in #bcpoli? The sundry ways the moneyed supporters of @bcliberals stack the decks… https://t.co/jXzgBKnoRe]]></document>
		<document><![CDATA[British Columbia: The ‘Wild West’ of Canadian Political Cash https://t.co/svqjQt1vF6]]></document>
		<document><![CDATA[I needed this reminder today https://t.co/ELT5DCj3Rl]]></document>
		<document><![CDATA[Important new initiative! https://t.co/25eDcRAT3y]]></document>
		<document><![CDATA[@StewartPrest @David_Moscrop fair enough. but trade and intl comp was key argument in favour of labour reforms. hard to disentangle]]></document>
		<document><![CDATA[@awudrick It was written 2014, so doesn't include recent boost to CPP]]></document>
		<document><![CDATA[@awudrick Since Martin-Chretien era, yes. You should check out that Myles/Banting book. Its excellent.]]></document>
		<document><![CDATA[@David_Moscrop @StewartPrest John Myles and Keith Banting book excellent on this https://t.co/5uZoiMbl8i]]></document>
		<document><![CDATA[@David_Moscrop @StewartPrest Particularly as redistributive state has faded, push for flexible lab markets, NAFTA]]></document>
	</documents>
</author>