<author lang="en">
	<documents>
		<document><![CDATA[You're questioning the things you normally take for granted to... More for Sagittarius https://t.co/DUshxovZYT]]></document>
		<document><![CDATA[A sleepy start to your day leads into some rather intense rese... More for Sagittarius https://t.co/DUshxovZYT]]></document>
		<document><![CDATA[Your money is on your mind and your mind is on your money, but... More for Sagittarius https://t.co/DUshxovZYT]]></document>
		<document><![CDATA[The stage is set for your dramatic entrance and you're more th... More for Sagittarius https://t.co/DUshxovZYT]]></document>
		<document><![CDATA[Upbeat mental melodies are replaced by abstract soundscapes as... More for Sagittarius https://t.co/DUshxovZYT]]></document>
		<document><![CDATA[You're so eager to let loose that you're already planning for ... More for Sagittarius https://t.co/DUshxovZYT]]></document>
		<document><![CDATA[What you thought was ancient history is brought back to full-b... More for Sagittarius https://t.co/DUshxovZYT]]></document>
		<document><![CDATA[Your skin is thin today and you might feel things that you wou... More for Sagittarius https://t.co/DUshxovZYT]]></document>
		<document><![CDATA[You are unusually realistic when it comes to your dreams today... More for Sagittarius https://t.co/DUshxovZYT]]></document>
		<document><![CDATA[You're likely to take an emotional risk today by sharing your ... More for Sagittarius https://t.co/DUshxovZYT]]></document>
		<document><![CDATA[You might like to hide out at an undisclosed location today. Y... More for Sagittarius https://t.co/DUshxovZYT]]></document>
		<document><![CDATA[Powerful passions motivate you to express your beliefs and to ... More for Sagittarius https://t.co/DUshxovZYT]]></document>
		<document><![CDATA[Reality reins you in now and you probably won't like having yo... More for Sagittarius https://t.co/DUshxovZYT]]></document>
		<document><![CDATA[Walking on the sunny side of the street requires no extra effo... More for Sagittarius https://t.co/DUshxoep7l]]></document>
		<document><![CDATA[Walking on the sunny side of the street requires no extra effo... More for Sagittarius https://t.co/DUshxovZYT]]></document>
		<document><![CDATA[Walking on the sunny side of the street requires no extra effo... More for Sagittarius https://t.co/DUshxovZYT]]></document>
		<document><![CDATA[Walking on the sunny side of the street requires no extra effo... More for Sagittarius https://t.co/DUshxovZYT]]></document>
		<document><![CDATA[You enjoy talking about your fantasies as if they're already r... More for Sagittarius https://t.co/DUshxovZYT]]></document>
		<document><![CDATA[You enjoy talking about your fantasies as if they're already r... More for Sagittarius https://t.co/DUshxovZYT]]></document>
		<document><![CDATA[You are so anxious to express your feelings that you don't eve... More for Sagittarius https://t.co/DUshxovZYT]]></document>
		<document><![CDATA[Everyone seems a bit flaky now, making it difficult to know wh... More for Sagittarius https://t.co/DUshxovZYT]]></document>
		<document><![CDATA[Everyone seems a bit flaky now, making it difficult to know wh... More for Sagittarius https://t.co/DUshxovZYT]]></document>
		<document><![CDATA[You may be standing in a strange place in your life. Although ... More for Sagittarius https://t.co/DUshxovZYT]]></document>
		<document><![CDATA[You may be standing in a strange place in your life. Although ... More for Sagittarius https://t.co/DUshxovZYT]]></document>
		<document><![CDATA[You may be standing in a strange place in your life. Although ... More for Sagittarius https://t.co/DUshxovZYT]]></document>
		<document><![CDATA[You may be standing in a strange place in your life. Although ... More for Sagittarius https://t.co/DUshxovZYT]]></document>
		<document><![CDATA[You may be standing in a strange place in your life. Although ... More for Sagittarius https://t.co/DUshxovZYT]]></document>
		<document><![CDATA[Although you like the idea of participating in a holiday celeb... More for Sagittarius https://t.co/DUshxovZYT]]></document>
		<document><![CDATA[Although you like the idea of participating in a holiday celeb... More for Sagittarius https://t.co/DUshxovZYT]]></document>
		<document><![CDATA[Although you like the idea of participating in a holiday celeb... More for Sagittarius https://t.co/DUshxovZYT]]></document>
		<document><![CDATA[Although you like the idea of participating in a holiday celeb... More for Sagittarius https://t.co/DUshxovZYT]]></document>
		<document><![CDATA[The outlook for the future appears overcast for some reason, e... More for Sagittarius https://t.co/DUshxovZYT]]></document>
		<document><![CDATA[The outlook for the future appears overcast for some reason, e... More for Sagittarius https://t.co/DUshxovZYT]]></document>
		<document><![CDATA[The holiday season may have already taken a toll on your walle... More for Sagittarius https://t.co/DUshxovZYT]]></document>
		<document><![CDATA[You are completely convinced that greener pastures are around ... More for Sagittarius https://t.co/DUshxovZYT]]></document>
		<document><![CDATA[Kind remarks are flowing every which way, setting the stage fo... More for Sagittarius https://t.co/DUshxovZYT]]></document>
		<document><![CDATA[Kind remarks are flowing every which way, setting the stage fo... More for Sagittarius https://t.co/DUshxovZYT]]></document>
		<document><![CDATA[Although you move through the day with your characteristic exu... More for Sagittarius https://t.co/DUshxovZYT]]></document>
		<document><![CDATA[Although you move through the day with your characteristic exu... More for Sagittarius https://t.co/DUshxovZYT]]></document>
		<document><![CDATA[Although you move through the day with your characteristic exu... More for Sagittarius https://t.co/DUshxovZYT]]></document>
		<document><![CDATA[Your thoughts turn to your budget today as you finish up holid... More for Sagittarius https://t.co/DUshxovZYT]]></document>
		<document><![CDATA[Your thoughts turn to your budget today as you finish up holid... More for Sagittarius https://t.co/DUshxovZYT]]></document>
		<document><![CDATA[Your thoughts turn to your budget today as you finish up holid... More for Sagittarius https://t.co/DUshxovZYT]]></document>
		<document><![CDATA[It may be difficult to see past anxieties that arise today reg... More for Sagittarius https://t.co/DUshxovZYT]]></document>
		<document><![CDATA[It may be difficult to see past anxieties that arise today reg... More for Sagittarius https://t.co/DUshxovZYT]]></document>
		<document><![CDATA[It may be difficult to see past anxieties that arise today reg... More for Sagittarius https://t.co/DUshxovZYT]]></document>
		<document><![CDATA[It may be difficult to see past anxieties that arise today reg... More for Sagittarius https://t.co/DUshxovZYT]]></document>
		<document><![CDATA[An everyday conversation may turn into a mind-opening and soul... More for Sagittarius https://t.co/DUshxovZYT]]></document>
		<document><![CDATA[Boundless banter swirls around you today, decreasing your prod... More for Sagittarius https://t.co/DUshxovZYT]]></document>
		<document><![CDATA[Boundless banter swirls around you today, decreasing your prod... More for Sagittarius https://t.co/DUshxovZYT]]></document>
		<document><![CDATA[The future is now but it's up to you to boldly embrace a creat... More for Sagittarius https://t.co/DUshxovZYT]]></document>
		<document><![CDATA[The future is now but it's up to you to boldly embrace a creat... More for Sagittarius https://t.co/DUshxovZYT]]></document>
		<document><![CDATA[The future is now but it's up to you to boldly embrace a creat... More for Sagittarius https://t.co/DUshxovZYT]]></document>
		<document><![CDATA[The future is now but it's up to you to boldly embrace a creat... More for Sagittarius https://t.co/DUshxovZYT]]></document>
		<document><![CDATA[You don't expect your emotions to get in the way of progress t... More for Sagittarius https://t.co/DUshxovZYT]]></document>
		<document><![CDATA[You don't expect your emotions to get in the way of progress t... More for Sagittarius https://t.co/DUshxovZYT]]></document>
		<document><![CDATA[It's prudent to get in touch with your emotions now, because t... More for Sagittarius https://t.co/DUshxovZYT]]></document>
		<document><![CDATA[There's a need for speed as you race through your day, solving... More for Sagittarius https://t.co/DUshxovZYT]]></document>
		<document><![CDATA[You may be soaring so high above the stresses and strains of t... More for Sagittarius https://t.co/DUshxovZYT]]></document>
		<document><![CDATA[If there's something you want to vocalize, there's a good chan... More for Sagittarius https://t.co/DUshxovZYT]]></document>
		<document><![CDATA[Details aren't really your thing, but sometimes it's necessary... More for Sagittarius https://t.co/DUshxovZYT]]></document>
		<document><![CDATA[No one is a stranger today as friendly vibes permeate the atmo... More for Sagittarius https://t.co/DUshxovZYT]]></document>
		<document><![CDATA[Your senses are so wide open today that you might perceive thi... More for Sagittarius https://t.co/DUshxovZYT]]></document>
		<document><![CDATA[There is an extra bounce in your step, and your charisma can c... More for Sagittarius https://t.co/DUshxovZYT]]></document>
		<document><![CDATA[The boundaries between your internal and external worlds are b... More for Sagittarius https://t.co/DUshxovZYT]]></document>
		<document><![CDATA[Although you might appear to be in a good mood today, there ar... More for Sagittarius https://t.co/DUshxovZYT]]></document>
		<document><![CDATA[Although it really does &amp;quot;take a village,&amp;quot; sometimes ... More for Sagittarius https://t.co/DUshxovZYT]]></document>
		<document><![CDATA[You can't help but see the best in others, making you eager to... More for Sagittarius https://t.co/DUshxovZYT]]></document>
		<document><![CDATA[You are driven to demonstrate your worth today, yet making a c... More for Sagittarius https://t.co/DUshxovZYT]]></document>
		<document><![CDATA[Your mind can shut down the vagaries of your heart so fast tod... More for Sagittarius https://t.co/DUshxovZYT]]></document>
		<document><![CDATA[Smart and caring friends seem to know the right words to untan... More for Sagittarius https://t.co/DUshxovZYT]]></document>
		<document><![CDATA[You are fully aware of how much work there is to do yet you ma... More for Sagittarius https://t.co/DUshxovZYT]]></document>
		<document><![CDATA[Your unwavering enthusiasm empowers you to drive a hard bargai... More for Sagittarius https://t.co/DUshxovZYT]]></document>
		<document><![CDATA[You are free to travel across dimensions in your mind today, e... More for Sagittarius https://t.co/DUshxovZYT]]></document>
		<document><![CDATA[You could lose your temper today if you believe that someone r... More for Sagittarius https://t.co/DUshxovZYT]]></document>
		<document><![CDATA[You wish you could slip away and escape from the world to spen... More for Sagittarius https://t.co/DUshxovZYT]]></document>
		<document><![CDATA[You are excited about the potential you see in nearly everythi... More for Sagittarius https://t.co/DUshxovZYT]]></document>
		<document><![CDATA[Your emotional flexibility and nonjudgmental attitude attract ... More for Sagittarius https://t.co/DUshxovZYT]]></document>
		<document><![CDATA[Maintaining your satisfaction on the job can be more work than... More for Sagittarius https://t.co/DUshxovZYT]]></document>
		<document><![CDATA[You possess the stamina to overcome almost any obstacle but di... More for Sagittarius https://t.co/DUshxovZYT]]></document>
		<document><![CDATA[Breaking free of old habits enables you to discover new expres... More for Sagittarius https://t.co/DUshxovZYT]]></document>
		<document><![CDATA[You may struggle to assimilate new information and integrate i... More for Sagittarius https://t.co/DUshxovZYT]]></document>
		<document><![CDATA[Your internal process seems more important than external circu... More for Sagittarius https://t.co/DUshxovZYT]]></document>
		<document><![CDATA[You're running around faster than ever today yet you struggle ... More for Sagittarius https://t.co/DUshxovZYT]]></document>
		<document><![CDATA[You're standing between two worlds today with one foot comfort... More for Sagittarius https://t.co/DUshxovZYT]]></document>
		<document><![CDATA[The cosmos encourages you to take a chance on love or in busin... More for Sagittarius https://t.co/DUshxovZYT]]></document>
		<document><![CDATA[It's tempting to spend your entire day on one soapbox or anoth... More for Sagittarius https://t.co/DUshxovZYT]]></document>
		<document><![CDATA[You are all set to break a few social rules today because you ... More for Sagittarius https://t.co/DUshxovZYT]]></document>
		<document><![CDATA[You're content to fall back and rely on your charm now that fr... More for Sagittarius https://t.co/DUshxovZYT]]></document>
		<document><![CDATA[If you can quiet your mind enough to hear someone else's voice... More for Sagittarius https://t.co/DUshxovZYT]]></document>
		<document><![CDATA[Your current moodiness gets on everyone's nerves today as you ... More for Sagittarius https://t.co/DUshxovZYT]]></document>
		<document><![CDATA[The restraints that tethered you to an intense emotional issue... More for Sagittarius https://t.co/DUshxovZYT]]></document>
		<document><![CDATA[Juggling other people's expectations with your need for meanin... More for Sagittarius https://t.co/DUshxovZYT]]></document>
		<document><![CDATA[You have a suspicion that the current events in your life are ... More for Sagittarius https://t.co/DUshxovZYT]]></document>
		<document><![CDATA[Your friends and relatives may wonder if you're okay today if ... More for Sagittarius https://t.co/DUshxovZYT]]></document>
		<document><![CDATA[What you see is not what you get today. Your future appears pr... More for Sagittarius https://t.co/DUshxovZYT]]></document>
		<document><![CDATA[You might not trust your intuition when it's giving you contra... More for Sagittarius https://t.co/DUshxovZYT]]></document>
		<document><![CDATA[Your social life is a source of joy these days, especially if ... More for Sagittarius https://t.co/DUshxovZYT]]></document>
		<document><![CDATA[Untangling the threads of illusion from the colorful tapestry ... More for Sagittarius https://t.co/DUshxovZYT]]></document>
		<document><![CDATA[A sudden change in the emotional landscape can push you to the... More for Sagittarius https://t.co/DUshxovZYT]]></document>
	</documents>
</author>