<author lang="en">
	<documents>
		<document><![CDATA[@AngelaPren why is this a social faux pas??? Let me live!!!]]></document>
		<document><![CDATA[The worst part about organising events is that you can't bail from your own events]]></document>
		<document><![CDATA[I hate organising things]]></document>
		<document><![CDATA[@jenjen420_ omg need to catch up, LOVE mkr]]></document>
		<document><![CDATA[When am I not the DUFF tho]]></document>
		<document><![CDATA[Do I have time for prework poo]]></document>
		<document><![CDATA[I honestly climax when I see 'Zoolander University' on a guy's tinder profile]]></document>
		<document><![CDATA[@catherinevye5 I'm all about this content]]></document>
		<document><![CDATA[@catherinevye5 FUCKKK cover photo]]></document>
		<document><![CDATA[So wholesome!! https://t.co/DMdRvuQQF2]]></document>
		<document><![CDATA[me telling mum drake dated rihanna and now dating Jen Lopez
mum: 'omg! a playboy! he's a playboy']]></document>
		<document><![CDATA[my mum: is drake lonely?]]></document>
		<document><![CDATA[my mum: it seems that drake just wants love]]></document>
		<document><![CDATA[having to explain the term 'booty call' to my mum, is so confusing, for the both of us]]></document>
		<document><![CDATA[I'm officially obsessed with Terrace House]]></document>
		<document><![CDATA[@jessieeen I'm going with my fam in feb!! Really looking forward to it!]]></document>
		<document><![CDATA[Sometimes u just need to cry in the corner at work]]></document>
		<document><![CDATA[Gotta stop eating chippies]]></document>
		<document><![CDATA[My work look is a bit crazy today LOL]]></document>
		<document><![CDATA[@AngelaPren shoutout to @ericagem]]></document>
		<document><![CDATA[TBH I love all the girl love on Instagram]]></document>
		<document><![CDATA[when u try your best but u were never gonna succeed]]></document>
		<document><![CDATA[it's so easy 2 make a meme of urself sometimes without realisin how sad it really is]]></document>
		<document><![CDATA[Me time is so good sometimes, because I love me]]></document>
		<document><![CDATA[I HAD A WHOLESOME DAY AND NOW I WILL HAVE AN EARLY NIGHT this is so good]]></document>
		<document><![CDATA[I think my new job is letting me go]]></document>
		<document><![CDATA[any1 want a ticket to a rave]]></document>
		<document><![CDATA[Fuck the patriarchy man fuck it https://t.co/pxCqVgAuYP]]></document>
		<document><![CDATA[DOWN IN BED WITH A MIGRAINE RN BUT WEARING MY WMENS COLLECTIVE SHIRT JN SUPPORT OF WMENS MARCH #WomensMarchSyd]]></document>
		<document><![CDATA[The US presidential election was stacked]]></document>
		<document><![CDATA[Tries to be strong ---&gt; won't stop crying]]></document>
		<document><![CDATA[being sweaty is the most constant motif in my life]]></document>
		<document><![CDATA[Baird resigning is like that part in the wizard of Oz 'ding dong the witch is dead']]></document>
		<document><![CDATA[It's so hot and not fun]]></document>
		<document><![CDATA[WORK IS COOKED TODAY]]></document>
		<document><![CDATA[@elijabr when's your bin day]]></document>
		<document><![CDATA[@elijabr I'm in like kogarah council part of st George]]></document>
		<document><![CDATA[I'm so grumpy Cus I'm home late]]></document>
		<document><![CDATA[Was showing my new phone case to everyone at work and saying how much I loved it and this guy goes 'cute but TBH the movie was so overrated']]></document>
		<document><![CDATA[Do you know who I am, I'm Shannon Noll]]></document>
		<document><![CDATA[hello, i'm just getting aboard the kaytranda train, and it's rlly good]]></document>
		<document><![CDATA[Y no one replying to any of my messages :(]]></document>
		<document><![CDATA[@AngelaPren so accessible on this island]]></document>
		<document><![CDATA[TBH love that there are jdramas on Netflix]]></document>
		<document><![CDATA[NEW PHONE CASE https://t.co/xUuoKQ4pdK]]></document>
		<document><![CDATA[Hung out with work friends outside of work today!!! Omg :3 they so nice 2 me !!!!]]></document>
		<document><![CDATA[Spending my morning replying to comments on SMH about racism]]></document>
		<document><![CDATA[when i don't have much work during the week idk what to do with my time]]></document>
		<document><![CDATA[Hey English isn't my first language but I respond well to dance]]></document>
		<document><![CDATA[Atlanta S01E07 is one of the funniest episodes in television i have seen, with amazing social commentary]]></document>
		<document><![CDATA[TBH soy sauce is the best sauce ever]]></document>
		<document><![CDATA[@AngelaPren mmmmmm should i cut short]]></document>
		<document><![CDATA[Should I]]></document>
		<document><![CDATA[When I have a migraine , 70% of the time I can only open one eye]]></document>
		<document><![CDATA[@AngelaPren and you just wanna fall into an endless void where no one can hear you scream]]></document>
		<document><![CDATA[U kno when you have a social interaction and you just cook it like so bad]]></document>
		<document><![CDATA[If i were a shoe, this would be me https://t.co/p60rOSP1L7]]></document>
		<document><![CDATA[tbh i want sneakers with my name on them i want to be extra extra  extra]]></document>
		<document><![CDATA[im a chub chub now, accept me for my couch potato activities]]></document>
		<document><![CDATA[This girl took 3 of my sales today ://///]]></document>
		<document><![CDATA[I don't think I can eat icecream ever again]]></document>
		<document><![CDATA[I LOVE THE HOMMUS COMMUNITY]]></document>
		<document><![CDATA[TBH tho, working in shoe retail is better than clothes retail]]></document>
		<document><![CDATA[FINALLY a new beauty blender]]></document>
		<document><![CDATA[Sometimes when I talk to British people, slowly through the conversation I start adopting their accent, please help me]]></document>
		<document><![CDATA[@ericagem @_williamxu 24 HR tsg guy is mad funny]]></document>
		<document><![CDATA[About 30% of my pay was taxed :(]]></document>
		<document><![CDATA[@Izoe69 bilingual jokes are really fuckin funny LOL]]></document>
		<document><![CDATA[When a woman decides to raise her baby like they're the new king of the safari during. a. movie.]]></document>
		<document><![CDATA[Dear customer, we definetly won't have your size if you yell at me :))))))]]></document>
		<document><![CDATA[@zacves I've scammed so many Pisces]]></document>
		<document><![CDATA[@zacves we can't be scammed]]></document>
		<document><![CDATA[Me on a Cap is the equivalent to me buying a new Comme Des Garçon wallet]]></document>
		<document><![CDATA[everytime i facetime my japanese cousins they make me teach them english for 2 hours]]></document>
		<document><![CDATA[WENT TO BED AT 5 STARTED WORKING AT 10 FINISHED AT 6 BACK TO BED BY 7]]></document>
		<document><![CDATA[Ohh shit the voice from the Fatima Yamaha song is Scarlett J from lost in translation woooow]]></document>
		<document><![CDATA[House Hunters has taught me a lot about compromise]]></document>
		<document><![CDATA[@elainejackson96 the next couple weeks not getting much at all :(]]></document>
		<document><![CDATA[I've been lying in the dark with a towel on my head for 5 hours, migraine baby !]]></document>
		<document><![CDATA[@AngelaPren I'm really trying my best :(]]></document>
		<document><![CDATA[I love my new job but I'm getting the least hours of everyone new :(]]></document>
		<document><![CDATA[My forehead was our AF tonight]]></document>
		<document><![CDATA[@AngelaPren I was really limited in letters this is the best I could do]]></document>
		<document><![CDATA[Made some earrings today https://t.co/toVZpMxkfx]]></document>
		<document><![CDATA[bought new sneakers to sneak around in]]></document>
		<document><![CDATA[hey sydney i bought pink puma suedes everyone watch out]]></document>
		<document><![CDATA[My anaconda don't want none unless you got pork buns Hun]]></document>
		<document><![CDATA[I swear to god I have diarrhoea, can this year end PLEASE]]></document>
		<document><![CDATA[@cooljames96 he forgot it at on point, and then he remembered it again]]></document>
		<document><![CDATA[@cooljames96 私は、すばらしいダンサーです。

Shoot me in the foot thnx]]></document>
		<document><![CDATA[@AngelaPren bro stop this, STOP THIS, FUCKING piss OFF omg I'm not your language teacher go pay for some classes UGH]]></document>
		<document><![CDATA[@AngelaPren then he says 'oh is this annoying?' 
Me: 'haha it's fine'
'Oh haha *jap phrase*]]></document>
		<document><![CDATA[Guy at work keeps begging me to teach him Japanese, keeps trying to speak Japanese to me, is repeating the one phrase I taught him]]></document>
		<document><![CDATA[Naming my first child otropo after my Oporto order]]></document>
		<document><![CDATA[Me missing team photos at work is a recurring motif in my narrative]]></document>
		<document><![CDATA[@theelaminator @XiaoranShi def maybe is defs better than 10 days]]></document>
		<document><![CDATA[The real Christmas miracle is the $54 an hour on Boxing Day]]></document>
		<document><![CDATA[@john_seroukas she now sleeps in luxury, but I sleep knowing there will be water in her room when plumbing is fucked]]></document>
		<document><![CDATA[@theelaminator @XiaoranShi what would you rank them]]></document>
		<document><![CDATA[@elainejackson96 Definetly Maybe (ryan reynolds), how to lose a guy in ten days lmao (kate hudson) and how to be single (rebel wilson) lol]]></document>
	</documents>
</author>