<author lang="en">
	<documents>
		<document><![CDATA[My @Super6: PAL 2-1 SUN, EVT 3-0 BOR, HUL 0-2 LIV, SOU 1-1 WHA, WAT 1-0 BUR, WBA 1-2 STO https://t.co/J8KqVscvU2 #Super6]]></document>
		<document><![CDATA[one person followed me // automatically checked by https://t.co/2en53JKdaq]]></document>
		<document><![CDATA[@ChatterboxLinx I absolutely ❤️ these, my favourite crisps right now!]]></document>
		<document><![CDATA[As good as Alexis has been this season, if there's any justice, then N'Golo Kante should be voted as PFA player of the year. #Machine]]></document>
		<document><![CDATA[one person followed me and 3 people unfollowed me // automatically checked by https://t.co/2en53JKdaq]]></document>
		<document><![CDATA[3 people followed me and 2 people unfollowed me // automatically checked by https://t.co/2en53JKdaq]]></document>
		<document><![CDATA[My @Super6: BLB 1-2 BLP, CHE 2-1 BRN, PAL 1-3 MNC, LIN 1-1 BHA, MID 1-0 ACC, TOT 2-0 WYC https://t.co/J8KqVscvU2 #Super6]]></document>
		<document><![CDATA[@dai_thomas1982 Yeah you gotta be fast mate, it's all about the speed! Haha that made me chuckle.]]></document>
		<document><![CDATA[Not against Routs' new deal as such but he's clearly not the type of player to take us forward. I'd have him over Barrow/Montero anyday tho.]]></document>
		<document><![CDATA[@Joner07 I bet! Yeah similar to our experience, we were big underdogs playing Chelsea in our SF. Smart money on Utd getting through tonight.]]></document>
		<document><![CDATA[@Joner07 Well done to the Saints for a fantastic performance over 2 legs, fully deserved trip to Wembley! 👍🏻]]></document>
		<document><![CDATA[A penny for Jose Fonte's thoughts tonight.......]]></document>
		<document><![CDATA[2 people followed me and one person unfollowed me // automatically checked by https://t.co/2en53JKdaq]]></document>
		<document><![CDATA[@Andrew_Harris91 There we are, that explains it then mate!]]></document>
		<document><![CDATA[Snodgrass must have some form of release clause in his Hull contract, only way I can understand him being allowed to leave on the cheap.]]></document>
		<document><![CDATA[My son is picking up some bad habits from somewhere?! 😂🖕🏻#SwivelOnThat https://t.co/LHIVxaEhfq]]></document>
		<document><![CDATA[Our baby boy #George loves playing in his gym. @JonesMicj47 https://t.co/bJchgkqIwm]]></document>
		<document><![CDATA[3 people followed me and 2 people unfollowed me // automatically checked by https://t.co/2en53JsBLQ]]></document>
		<document><![CDATA[My @Super6: BOR 3-1 WAT, PAL 0-2 EVT, MID 1-1 WHA, STO 1-2 MNU, WBA 2-0 SUN, DER 1-0 REA https://t.co/J8KqVscvU2 #Super6]]></document>
		<document><![CDATA[Yacht Club (Home)

Chris W - W
Neil - W
Chris H - L
Alan - W
Stephen - L
Neil/Chris W - L
Chris H/Alan - W
Captain's Cup - L

#AlmaDoublers]]></document>
		<document><![CDATA[Benbow (Home)

Chris W - W
Chris H - W
Alan - W
Stephen - W
Kelly - L
Stephen/Chris H - W
Chris W/Alan - W
Captain's Cup - NA

#AlmaDoublers]]></document>
		<document><![CDATA[F &amp; L 'B' (Away)

Chris W - W
Neil - L
Chris H - L
Alan - L
Stephen - W
Neil/Chris W - L
Chris H/Alan - W
Captain's Cup - W

#AlmaDoublers]]></document>
		<document><![CDATA[Chip shop boss accused of inciting teen boys to have sex with jumbo sausage https://t.co/60fczSLEUO &lt;&lt; @jonesmicj47]]></document>
		<document><![CDATA[one person followed me and 3 people unfollowed me // automatically checked by https://t.co/2en53JKdaq]]></document>
		<document><![CDATA[Narsingh is interesting however, an upgrade on our current wide options. Should add some creativity and greater end product.]]></document>
		<document><![CDATA[Crystal clear that Olsson and Carroll are not the choices of Paul Clement. Underwhelming signings in my opinion.]]></document>
		<document><![CDATA[3 people followed me and 2 people unfollowed me // automatically checked by https://t.co/2en53JKdaq]]></document>
		<document><![CDATA[My @Super6: BUR 2-1 SOU, HUL 2-2 BOR, SUN 0-0 STO, SWA 1-3 ARS, WAT 0-1 MID, WHA 0-2 PAL https://t.co/J8KqVscvU2 #Super6]]></document>
		<document><![CDATA[2 people followed me and 2 people unfollowed me // automatically checked by https://t.co/2en53JKdaq]]></document>
		<document><![CDATA[5 people followed me and 5 people unfollowed me // automatically checked by https://t.co/2en53JKdaq]]></document>
		<document><![CDATA[@dbailey11 @Super6 The badly broken nose didn't help either I guess! Put him in my Sun DT and he's been pretty poor ever since!!]]></document>
		<document><![CDATA[@dbailey11 @Super6 Tadic likely to play today? What's up with him, looks way below par this season.]]></document>
		<document><![CDATA[@dbailey11 @Super6 Haha probably not, magic of the FA Cup and all that, went for something different!!]]></document>
		<document><![CDATA[My @Super6: EVT 3-1 LEI, SUN 1-0 BUR, HUL 1-1 SWA, NOR 2-4 SOU, MIL 2-1 BOR, BOL 0-2 PAL https://t.co/J8KqVscvU2 #Super6]]></document>
		<document><![CDATA[4 people followed me and 2 people unfollowed me // automatically checked by https://t.co/2en53JKdaq]]></document>
		<document><![CDATA[So, Clement now confirmed as expected - let's all get behind him. Precarious situation but add some quality and who knows? Not impossible.]]></document>
		<document><![CDATA[Had that shit about an hour ago. 👌🏻 https://t.co/09gafYd7rr]]></document>
		<document><![CDATA[one person followed me and 3 people unfollowed me // automatically checked by https://t.co/2en53JKdaq]]></document>
		<document><![CDATA[My @Super6: EVT 3-1 SOU, MNC 5-0 BUR, SUN 1-2 LIV, WBA 2-0 HUL, BLB 1-0 NEW, FUL 1-1 BHA https://t.co/J8KqVscvU2 #Super6]]></document>
		<document><![CDATA[6 people followed me and 2 people unfollowed me // automatically checked by https://t.co/2en53JKdaq]]></document>
		<document><![CDATA[one person followed me and one person unfollowed me // automatically checked by https://t.co/2en53JKdaq]]></document>
		<document><![CDATA[2 people followed me // automatically checked by https://t.co/2en53JKdaq]]></document>
		<document><![CDATA[@dai_thomas1982 he's a proper bobby dazzler mate.]]></document>
		<document><![CDATA[My boy and his Bampi. X https://t.co/YwHDIgorEq]]></document>
		<document><![CDATA[4 people followed me and 4 people unfollowed me // automatically checked by https://t.co/2en53JKdaq]]></document>
		<document><![CDATA[Last day of work today until 3rd January, last presents wrapped and work piss-up tomorrow in H'west. Starting to feel a bit Christmassy! 🎄]]></document>
		<document><![CDATA[Clearly your inability to grow any sort of beard was a factor.... https://t.co/ZeaDdc9s4K]]></document>
		<document><![CDATA[@GutoLlewelyn @ghstorer @LJD1977 @skin_jones Often a rash reaction but I'd take a rash reaction over the current 'no reaction at all'.]]></document>
		<document><![CDATA[@LJD1977 @ghstorer @skin_jones Indeed mate. They all had their critics but each of them head &amp; shoulders over current lot, bar Gylfi.]]></document>
		<document><![CDATA[@ghstorer @LJD1977 @skin_jones What I wouldn't give for the likes of Chico Flores, JDG or a fit Michu in the side right now - winners.]]></document>
		<document><![CDATA[@skin_jones @LJD1977 It's like what we had, who we were, what we'd achieved, how has it all come to this, and so quickly?!]]></document>
		<document><![CDATA[@skin_jones @LJD1977 Things are looking grim chaps.]]></document>
		<document><![CDATA[We are so poor all over the pitch, almost every position. Can't see us throwing money at it and who would come here anyway right now?]]></document>
		<document><![CDATA[@LJD1977 Only a win from safety somehow so think there's still a glimmer of hope. Some quick decisions need to be made or we're doomed mate.]]></document>
		<document><![CDATA[Surely the owners will have no choice but to relieve Bradley of his duties if we head into January winless from West Ham/Bournemouth games??]]></document>
		<document><![CDATA[one person followed me // automatically checked by https://t.co/2en53JKdaq]]></document>
		<document><![CDATA[My @Super6: MID 0-0 SWA, STO 1-1 LEI, SUN 2-1 WAT, WHA 3-1 HUL, BRT 0-2 NEW, FUL 1-1 DER https://t.co/J8KqVscvU2 #Super6]]></document>
		<document><![CDATA[4 people followed me and one person unfollowed me // automatically checked by https://t.co/2en53JKdaq]]></document>
		<document><![CDATA[Gutted to lose our Div 1 Cup semi last night, lost a decider to lose 4-3 after being 3-1 up to the best team in the League. #AlmaDoublers]]></document>
		<document><![CDATA[Tyrone is a top man on the Pembs Pool scene! https://t.co/nEsPhJEsi0! &lt; Was lucky enough to 7 ball Tyron last night, he's some player!!]]></document>
		<document><![CDATA[My @Super6: MID 0-1 LIV, SUN 0-2 CHE, WHA 2-1 BUR, PAL 1-3 MNU, MNC 4-1 WAT, TOT 3-0 HUL https://t.co/J8KqVscvU2 #Super6]]></document>
		<document><![CDATA[I got: 10 out of 10!  - Footballer Career Paths Quiz https://t.co/TIrQpkRwvZ via @play_buzz]]></document>
		<document><![CDATA[Took a hiding last week in the League, Division 1 Cup semi-final tomorrow night, League again on Thursday then break for Xmas. #AlmaDoublers]]></document>
		<document><![CDATA[Charlton (Away)

Chris W - W
Neil - L
Chris H - L
Alan - L
Stephen - L
Neil/Chris W - L
Chris H/Alan - L
Captain's Cup - L

#AlmaDoublers]]></document>
		<document><![CDATA[one person unfollowed me // automatically checked by https://t.co/2en53JKdaq]]></document>
		<document><![CDATA[At least it's an attack-minded line-up. May as well try and outscore the teams around us as we know we'll concede goals. #Swans]]></document>
		<document><![CDATA[@dai_thomas1982 Why not, haha!]]></document>
		<document><![CDATA[My @Super6: ARS 2-0 STO, BUR 2-1 BOR, HUL 0-2 PAL, SWA 5-4 SUN, NEW 3-1 BIR, REA 1-1 WED https://t.co/J8KqVscvU2 #Super6]]></document>
		<document><![CDATA[3 people followed me // automatically checked by https://t.co/2en53JKdaq]]></document>
		<document><![CDATA[one person unfollowed me // automatically checked by https://t.co/2en53JKdaq]]></document>
		<document><![CDATA[Baby boy asleep next to his Mum in the big bed this morning. #George 💤 https://t.co/yjChl0vsjE]]></document>
		<document><![CDATA[Reality TV star wins reality TV show to become bigger reality TV star on another channel. #Boring 💤💤]]></document>
		<document><![CDATA[It's gonna be Scarlett isn't it.]]></document>
		<document><![CDATA[@Daniel_John08 Wouldn't surprise me mate. Can do without yet another reality 'star' clogging up my telly.]]></document>
		<document><![CDATA[Hoping Joel wins now, can't stand Scarlett. Can't believe Adam was only third? #ImACeleb]]></document>
		<document><![CDATA[He sure is! ❤️ https://t.co/RnbZR4ntAm]]></document>
		<document><![CDATA[4 people followed me and 2 people unfollowed me // automatically checked by https://t.co/2en53JKdaq]]></document>
		<document><![CDATA[My @Super6: PAL 1-2 SOU, STO 2-0 BUR, SUN 1-0 LEI, TOT 3-1 SWA, WBA 2-1 WAT, FUL 2-2 REA https://t.co/J8KqVscvU2 #Super6]]></document>
		<document><![CDATA[Extra layer on for work this morning, it's fucking blue out there! ❄️❄️❄️]]></document>
		<document><![CDATA[@BenDinnery Any news on Dusan Tadic mate, any suggestion he'll be involved tomorrow night or the weekend?]]></document>
		<document><![CDATA[@BenTurbervill @turb82 @rossfortune01 Owners will have trouble marketing the club in the States if they're playing in the Championship.]]></document>
		<document><![CDATA[Having said that, great opportunity to take 3 points today - the very definition of a must-win game and still only November.]]></document>
		<document><![CDATA[Sad situation when you consider how poor Crystal Palace have been lately, I'd suggest 6-7 of their players would walk into our starting 11.]]></document>
		<document><![CDATA[Another defeat last night but the maximum 5 points earned in defeat after winning both games of doubles - an improvement! #AlmaDoublers]]></document>
		<document><![CDATA[C/Club A (Home)

Kevin - L
Neil - L
Chris H - L
Alan - W
Stephen - L
Neil/Alan - W
Chris H/Stephen - W
Captain's Cup - L

#AlmaDoublers]]></document>
		<document><![CDATA[@RealDazzler Yep, that sounds familiar right now mate!]]></document>
		<document><![CDATA[I hope to fuck it's Cristiano Ronaldo. https://t.co/Hd9UluZSEP]]></document>
		<document><![CDATA[Congratulations to Steven Gerrard on his retirement. Could do anything he wanted on the pitch and raised the level of those around him.]]></document>
		<document><![CDATA[Gerrard was the more complete midfield player, Lampard was the more effective midfield player, Paul Scholes was the best midfield player.]]></document>
		<document><![CDATA[These two. ❤️ https://t.co/ccNle5clnH]]></document>
		<document><![CDATA[2 pool games played during my paternity leave and 2 fairly bad defeats albeit to v/good sides. Full team back tomorrow night. #AlmaDoublers]]></document>
		<document><![CDATA[Legionnaire (Away)

Chris W - L
Welly - L
Chris H - L
Alan - L
Harold - L
Chris H/Harold - L
Welly/Alan - W
CaptainsCup - N/A

#AlmaDoublers]]></document>
		<document><![CDATA[RNA (Home)

Chris W - L
Mike Edgar - L
Chris H - L
Alan - W
Stephen - L
Alan/Chris W - W
Chris H/Stephen - L
Captains Cup - W

#AlmaDoublers]]></document>
		<document><![CDATA[Haha Joel on #ImACeleb cracks me up fair play, him or Larry to win. Also, Scarlett Moffat has a face for radio.]]></document>
		<document><![CDATA[Pathetic. I'll say it again, absolutely stealing a living this fella and a shithouse to boot apparently. https://t.co/ZRoFUxBNzj]]></document>
		<document><![CDATA[Subs changed it for Spain, both Isco and Morata will play in England and be successful I'm sure, very good players.]]></document>
		<document><![CDATA[My little dog Lilly is gonna love her new jacket/hoodie! #Adidog #PuppySized #LillyTheDog https://t.co/UdtKImfwws]]></document>
		<document><![CDATA[Our little boy, George Neil Andrew Phillips, born at 21:30 on 08/11/16 weighing 6lb 7oz.… https://t.co/TD2ug2ySah]]></document>
		<document><![CDATA[My @Super6: BOR 3-0 SUN, BUR 0-1 PAL, MNC 2-0 MID, WHA 1-1 STO, HUD 1-1 BIR, WED 2-1 IPS https://t.co/J8KqVscvU2 #Super6]]></document>
		<document><![CDATA[@Joey7Barton Any good chief? https://t.co/S6ZWr62yW9]]></document>
	</documents>
</author>