<author lang="en">
	<documents>
		<document><![CDATA[The world is softened around the edges and reality seems more ... More for Virgo https://t.co/cJXrSa0och]]></document>
		<document><![CDATA[Everyone knows that working hard and taking care of your healt... More for Virgo https://t.co/cJXrSa0och]]></document>
		<document><![CDATA[A switch has flipped and you're eager to start a new cycle. Wa... More for Virgo https://t.co/cJXrSa0och]]></document>
		<document><![CDATA[Affections may fizzle as other matters seem more important tod... More for Virgo https://t.co/cJXrSa0och]]></document>
		<document><![CDATA[The problem isn't staying on task, it's that you have so many ... More for Virgo https://t.co/cJXrSa0och]]></document>
		<document><![CDATA[When your due in 4 weeks and your car decides he needs new shoes 😡🚘👶🏼 #expensivebabies]]></document>
		<document><![CDATA[Your manner is calculated and controlled today as rigidity fee... More for Virgo https://t.co/cJXrSa0och]]></document>
		<document><![CDATA[You can amaze your friends and fellow workers today by your ab... More for Virgo https://t.co/cJXrS9INkJ]]></document>
		<document><![CDATA[You know exactly what needs to be done today and your good int... More for Virgo https://t.co/cJXrSa0och]]></document>
		<document><![CDATA[You know exactly what needs to be done today and your good int... More for Virgo https://t.co/cJXrSa0och]]></document>
		<document><![CDATA[When your baby's playing football with your ribs 🙈 #runningoutofroom]]></document>
		<document><![CDATA[You want to count on the support of others today, but you can'... More for Virgo https://t.co/cJXrSa0och]]></document>
		<document><![CDATA[You possess the skills to handle delicate matters gracefully t... More for Virgo https://t.co/cJXrSa0och]]></document>
		<document><![CDATA[You might be at odds with your partner or a family member whil... More for Virgo https://t.co/cJXrSa0och]]></document>
		<document><![CDATA[Relationships may be a source of irritation today because you ... More for Virgo https://t.co/cJXrSa0och]]></document>
		<document><![CDATA[You might be riding a quiet wave of self-assurance now, but pe... More for Virgo https://t.co/cJXrS9INkJ]]></document>
		<document><![CDATA[You might be riding a quiet wave of self-assurance now, but pe... More for Virgo https://t.co/cJXrSa0och]]></document>
		<document><![CDATA[Brows, nails and lashes 👌🏽someone needs some TLC #andalazyday]]></document>
		<document><![CDATA[You might be riding a quiet wave of self-assurance now, but pe... More for Virgo https://t.co/cJXrSa0och]]></document>
		<document><![CDATA[You might be riding a quiet wave of self-assurance now, but pe... More for Virgo https://t.co/cJXrSa0och]]></document>
		<document><![CDATA[Rather than giving into your impulses today, do what you Virgo... More for Virgo https://t.co/cJXrSa0och]]></document>
		<document><![CDATA[Rather than giving into your impulses today, do what you Virgo... More for Virgo https://t.co/cJXrSa0och]]></document>
		<document><![CDATA[Waves of change are more than personal now and can pull you in... More for Virgo https://t.co/cJXrSa0och]]></document>
		<document><![CDATA[Business and personal relationships contain a layer of complex... More for Virgo https://t.co/cJXrSa0och]]></document>
		<document><![CDATA[Business and personal relationships contain a layer of complex... More for Virgo https://t.co/cJXrSa0och]]></document>
		<document><![CDATA[You might wish you didn't have to rely on your feelings to nav... More for Virgo https://t.co/cJXrSa0och]]></document>
		<document><![CDATA[You might wish you didn't have to rely on your feelings to nav... More for Virgo https://t.co/cJXrSa0och]]></document>
		<document><![CDATA[You might wish you didn't have to rely on your feelings to nav... More for Virgo https://t.co/cJXrSa0och]]></document>
		<document><![CDATA[You might wish you didn't have to rely on your feelings to nav... More for Virgo https://t.co/cJXrSa0och]]></document>
		<document><![CDATA[You might wish you didn't have to rely on your feelings to nav... More for Virgo https://t.co/cJXrSa0och]]></document>
		<document><![CDATA[Someone's sweet but misleading behavior may lure you down a ga... More for Virgo https://t.co/cJXrSa0och]]></document>
		<document><![CDATA[Someone's sweet but misleading behavior may lure you down a ga... More for Virgo https://t.co/cJXrSa0och]]></document>
		<document><![CDATA[Someone's sweet but misleading behavior may lure you down a ga... More for Virgo https://t.co/cJXrSa0och]]></document>
		<document><![CDATA[You may be feeling pretty indifferent about the whole season o... More for Virgo https://t.co/cJXrSa0och]]></document>
		<document><![CDATA[Sometimes nothing is more gratifying than putting in hard work... More for Virgo https://t.co/cJXrSa0och]]></document>
		<document><![CDATA[Sometimes nothing is more gratifying than putting in hard work... More for Virgo https://t.co/cJXrSa0och]]></document>
		<document><![CDATA[While others might already be stressing about their personal r... More for Virgo https://t.co/cJXrSa0och]]></document>
		<document><![CDATA[You're all set to get busy with an exciting new project, but y... More for Virgo https://t.co/cJXrSa0och]]></document>
		<document><![CDATA[Your complicated schedule holds together better than you expec... More for Virgo https://t.co/cJXrSa0och]]></document>
		<document><![CDATA[First horse I pick and he gets injured 😫🐎 https://t.co/2cK7EgfIiJ]]></document>
		<document><![CDATA[Your complicated schedule holds together better than you expec... More for Virgo https://t.co/cJXrSa0och]]></document>
		<document><![CDATA[There are times to tear down your old psychological foundation... More for Virgo https://t.co/cJXrSa0och]]></document>
		<document><![CDATA[Spiced beef on toast 🎅🏽😍]]></document>
		<document><![CDATA[There are times to tear down your old psychological foundation... More for Virgo https://t.co/cJXrSa0och]]></document>
		<document><![CDATA[Life may seem like a moving sidewalk today as you sweep along ... More for Virgo https://t.co/cJXrSa0och]]></document>
		<document><![CDATA[When you realise your so worn out that your eyes are actually burning and watering when they close cause it's been so long since sleep 😫😴]]></document>
		<document><![CDATA[It may seem as if you're at the mercy of the hectic season, an... More for Virgo https://t.co/cJXrSa0och]]></document>
		<document><![CDATA[It may seem as if you're at the mercy of the hectic season, an... More for Virgo https://t.co/cJXrSa0och]]></document>
		<document><![CDATA[It may seem as if you're at the mercy of the hectic season, an... More for Virgo https://t.co/cJXrSa0och]]></document>
		<document><![CDATA[Something about today makes you a little uneasy. A thought may... More for Virgo https://t.co/cJXrSa0och]]></document>
		<document><![CDATA[Something about today makes you a little uneasy. A thought may... More for Virgo https://t.co/cJXrSa0och]]></document>
		<document><![CDATA[Something about today makes you a little uneasy. A thought may... More for Virgo https://t.co/cJXrSa0och]]></document>
		<document><![CDATA[Something about today makes you a little uneasy. A thought may... More for Virgo https://t.co/cJXrSa0och]]></document>
		<document><![CDATA[A mince pie a day, keeps the doctor away 🙈🎅🏽]]></document>
		<document><![CDATA[Spending quality time with your friends acts as a tonic for yo... More for Virgo https://t.co/cJXrSa0och]]></document>
		<document><![CDATA[You're all too familiar with losing yourself in specifics and ... More for Virgo https://t.co/cJXrSa0och]]></document>
		<document><![CDATA[You're all too familiar with losing yourself in specifics and ... More for Virgo https://t.co/cJXrSa0och]]></document>
		<document><![CDATA[It could feel like this is your final opportunity to initiate ... More for Virgo https://t.co/cJXrSa0och]]></document>
		<document><![CDATA[It could feel like this is your final opportunity to initiate ... More for Virgo https://t.co/cJXrSa0och]]></document>
		<document><![CDATA[It could feel like this is your final opportunity to initiate ... More for Virgo https://t.co/cJXrSa0och]]></document>
		<document><![CDATA[It could feel like this is your final opportunity to initiate ... More for Virgo https://t.co/cJXrSa0och]]></document>
		<document><![CDATA[You're treading cautiously today as you doubt the stability of... More for Virgo https://t.co/cJXrSa0och]]></document>
		<document><![CDATA[You're treading cautiously today as you doubt the stability of... More for Virgo https://t.co/cJXrSa0och]]></document>
		<document><![CDATA[You may be preoccupied with wondering what others think of you... More for Virgo https://t.co/cJXrSa0och]]></document>
		<document><![CDATA[Whether you like it or not, the weekend is over and it's back ... More for Virgo https://t.co/cJXrSa0och]]></document>
		<document><![CDATA[Recuperating with your friends before the workweek begins anew... More for Virgo https://t.co/cJXrSa0och]]></document>
		<document><![CDATA[It's gratifying to see a list with all the boxes checked, and ... More for Virgo https://t.co/cJXrSa0och]]></document>
		<document><![CDATA[As you reassess your goals and reshuffle your priorities, you ... More for Virgo https://t.co/cJXrSa0och]]></document>
		<document><![CDATA[You're no stranger to putting in the work, but what are you wi... More for Virgo https://t.co/cJXrSa0och]]></document>
		<document><![CDATA[You are quite optimistic about recent events on the home front... More for Virgo https://t.co/cJXrSa0och]]></document>
		<document><![CDATA[You don't have to travel to an exotic place to bring the thril... More for Virgo https://t.co/cJXrSa0och]]></document>
		<document><![CDATA[You must learn more about your subject today and communicate w... More for Virgo https://t.co/cJXrSa0och]]></document>
		<document><![CDATA[Thank god she's finally gone 👏🏽👏🏽 @TheXFactor]]></document>
		<document><![CDATA[7up Hangovers 😫😷]]></document>
		<document><![CDATA[Your restlessness is nearly unmanageable today, but staying aw... More for Virgo https://t.co/cJXrSa0och]]></document>
		<document><![CDATA[You are quite the smooth operator today, and may have a magic ... More for Virgo https://t.co/cJXrSa0och]]></document>
		<document><![CDATA[Your emotional intensity re-energizes a partnership or strengt... More for Virgo https://t.co/cJXrSa0och]]></document>
		<document><![CDATA[Powerful opinions can stress a friendship or lead to a persona... More for Virgo https://t.co/cJXrSa0och]]></document>
		<document><![CDATA[You're tempted to shut down and withdraw from communication no... More for Virgo https://t.co/cJXrS9INkJ]]></document>
		<document><![CDATA[You are enthusiastic about developing an ambitious strategy to... More for Virgo https://t.co/cJXrSa0och]]></document>
		<document><![CDATA[You want nothing more than to bring your life back into balanc... More for Virgo https://t.co/cJXrSa0och]]></document>
		<document><![CDATA[Demonstrating your maturity is a simple matter today as long a... More for Virgo https://t.co/cJXrSa0och]]></document>
		<document><![CDATA[You come across more forcefully to others today than you reali... More for Virgo https://t.co/cJXrSa0och]]></document>
		<document><![CDATA[A small difference of opinion can balloon into a major disagre... More for Virgo https://t.co/cJXrS9INkJ]]></document>
		<document><![CDATA[You are both the source and recipient of compassion that flows... More for Virgo https://t.co/cJXrSa0och]]></document>
		<document><![CDATA[An unresolved family issue lurking in the shadows of your cons... More for Virgo https://t.co/cJXrSa0och]]></document>
		<document><![CDATA[Something's are just so hard to believe, we really don't know how lucky we are ❤️]]></document>
		<document><![CDATA[Although you might be quite impatient today, your perseverance... More for Virgo https://t.co/cJXrSa0och]]></document>
		<document><![CDATA[You desperately need a break from the pressures of your regula... More for Virgo https://t.co/cJXrSa0och]]></document>
		<document><![CDATA[You can transform your ideas into action now without running i... More for Virgo https://t.co/cJXrSa0och]]></document>
		<document><![CDATA[Wide awake at this hour only means one thing... online shopping 🙄🙄]]></document>
		<document><![CDATA[Ideas pop up in random conversations today and reveal a totall... More for Virgo https://t.co/cJXrSa0och]]></document>
		<document><![CDATA[You have a lot of new facts at your disposal today, but your c... More for Virgo https://t.co/cJXrSa0och]]></document>
		<document><![CDATA[You don't have the whole picture and, thankfully, you're acute... More for Virgo https://t.co/cJXrSa0och]]></document>
		<document><![CDATA[My poor little legs from all that walking in Liverpool ✈️🙈🛍 #worthit #needalieon #thankgodforholidays]]></document>
		<document><![CDATA[First Brexit, now Trump.. let's just hope the dollar does what the pound did and make it better for us to shop 😂✈️😉#silverlining]]></document>
		<document><![CDATA[A new assignment may require a period of adjustment, so don't ... More for Virgo https://t.co/cJXrSa0och]]></document>
		<document><![CDATA[You can see right through people's stories as you work your wa... More for Virgo https://t.co/cJXrSa0och]]></document>
		<document><![CDATA[The temptation of excess might distract you from your real wor... More for Virgo https://t.co/cJXrSa0och]]></document>
		<document><![CDATA[Think a Chinese is on the cards, sure I'm on holidays ☺️😏#14moredaysoff]]></document>
	</documents>
</author>