<author lang="en">
	<documents>
		<document><![CDATA[@blakamin @Brooklyn99FOX @NetflixANZ @terrycrews @chelseaperetti Great show.]]></document>
		<document><![CDATA[@blakamin Alternative cracks.]]></document>
		<document><![CDATA[@c0ff33a Yeah, mine is the 1st gen Haswell model.]]></document>
		<document><![CDATA[@c0ff33a Cheers. Hesitant to update to Sierra given that wifi is finally behaving on my 2013 air after being flaky for all of 10.10.]]></document>
		<document><![CDATA[@c0ff33a Do you know a good app for doing this that works with 10.11?]]></document>
		<document><![CDATA[@onslaught86 I've met people who do, although they're probably not the target audience anyway.]]></document>
		<document><![CDATA[@HuaweiMobile Any way to change the data usage monitoring date period on the Mate 9? My account rolls over mid-month.]]></document>
		<document><![CDATA[@gavinfabiani I've also still got the C-A &amp; C-mUSB adapters that came with my 2 Note 7s which work with the Mate 9 thankfully.]]></document>
		<document><![CDATA[@gavinfabiani Ha. You tried strapping it to the back of the phone?]]></document>
		<document><![CDATA[@gavinfabiani Similar to the adapter the 9 comes with?]]></document>
		<document><![CDATA[@gavinfabiani What's the least inconvenient way you've found of using the Mate9 with the HA2?]]></document>
		<document><![CDATA[@gavinfabiani Try scrolling a black on white text window slowly vertically.]]></document>
		<document><![CDATA[@gavinfabiani I'm pretty impressed with mine. Only minor gripe is the fairly average display refresh rate.]]></document>
		<document><![CDATA[@PatrickRothfuss Hospital library had TNOTW so I'm re-reading it whilst my wife in labour sleeps. The feels are real. Thank you.]]></document>
		<document><![CDATA[@PaulTassi They screwed up the Wii launch, and the Wii U launch, how do they _still_ not get it!?]]></document>
		<document><![CDATA[@wgtncc Any chance of a rego exemption in public parks for those that need to get into town but can't due to no rail?]]></document>
		<document><![CDATA[@2degreesmobile Will you be stocking the Huawei Mate 9?]]></document>
		<document><![CDATA[@SlackHQ Not unless I actively leave the app sitting in the foreground no. Seems to be disconnecting as soon as I switch away from it.]]></document>
		<document><![CDATA[@SlackHQ The Android app will only stay connected while it's actively open, have turned off _all_ power management, no joy. Any tips?]]></document>
		<document><![CDATA[@David_Cormack A large number of non-white dudes (and/or ladies) have voted for the orange dude. Voting for someone that hates you. Right.]]></document>
		<document><![CDATA[@David_Cormack What have you got against white dudes?]]></document>
		<document><![CDATA[@David_Cormack @ghettoanger Poor choice of name as it's a standard IT acronym for "Out Of Box Environment", just not Apple IT.]]></document>
		<document><![CDATA[@phil_cook @ForkandBrewer Fox news ftw.]]></document>
		<document><![CDATA[The cheese scones from Machete Coffee &amp; Taco's in Boulcott St are the business. Also, excellent coffee.]]></document>
		<document><![CDATA[Every tweet in my feed seems to have an image attached to it. #useallthedata]]></document>
		<document><![CDATA[@xdadevelopers It's certainly in the top 10.]]></document>
		<document><![CDATA[It's bus-to-the-train-station sort of weather.]]></document>
		<document><![CDATA[Rush hour on a rainy weekday, not the best time for @nzpolice to close half the waterfront to escort diplomats, but there you are.]]></document>
		<document><![CDATA[@David_Cormack Source just in case anyone believes I'm clever enough to have come up with that; https://t.co/QQZJ9hA86Z]]></document>
		<document><![CDATA[@David_Cormack If Trump wins the election that means he will be replacing Obama so we could actually say that: Orange IS the new Black]]></document>
		<document><![CDATA[@ghettoanger @CarnageSimon Still to watch the latter.]]></document>
		<document><![CDATA[Chicago is the place to be in 2016 by the look of it.]]></document>
		<document><![CDATA[@ghettoanger @CarnageSimon And it's inexplicably been given a 2nd season, CBS just keeps on churning out drek year after year.]]></document>
		<document><![CDATA[@ghettoanger @CarnageSimon Well Pete Thornton is now Patricia Thornton, so they went some of the way.]]></document>
		<document><![CDATA[Can't go to sleep because worried about waking up in a fiery inferno. Thanks fireworks.]]></document>
		<document><![CDATA[@c0ff33a Probably because I haven't agreed to the last bi-monthly T&amp;C's update.]]></document>
		<document><![CDATA[@c0ff33a Just do what I do and ignore the updates. If it ain't broke, don't fix it.]]></document>
		<document><![CDATA[@PatrickRothfuss Needs more clasped hands.]]></document>
		<document><![CDATA[@CarnageSimon @ghettoanger Took the hit, MacGuyver reboot is not great. The guy from CSI didn't bode well.]]></document>
		<document><![CDATA[@gavinfabiani VERY interested in seeing reviews of std ed. Redmi Note 3 is a surprisingly good device, but a grunty 5.9" would be ideal.]]></document>
		<document><![CDATA[And the Chicago Cubs win the world series for the first time since 1908. 2016 isn't totally wasted then I guess.]]></document>
		<document><![CDATA[@ghettoanger Wonder if it's Pinky or Percy.]]></document>
		<document><![CDATA[@bentorkington Come on, I imagine they're probably all carbon-based lifeforms as well.]]></document>
		<document><![CDATA[@David_Cormack A significant amount of the population hopefully would like the same thing. Thanks The Constitution!]]></document>
		<document><![CDATA[@David_Cormack @fastercamels @ghettoanger It's the televised equivalent of clickbait.]]></document>
		<document><![CDATA[@David_Cormack @ghettoanger Trolls. Making the internet miserable since ages ago.]]></document>
		<document><![CDATA[@SparkNZ What's happening with VoLTE?]]></document>
		<document><![CDATA[@ghettoanger @KaiserSuzi If they notice it's in there, they tend to refuse to take the whole thing. Only place that takes it is Kenepuru. :(]]></document>
		<document><![CDATA[@bentorkington @johnkeypm Phew, Good thing the honours system is such a modern concept then which is respectful of societal contribution!]]></document>
		<document><![CDATA[@jamescardno Have been there, not fun at all.]]></document>
		<document><![CDATA[@KinjaDeals The Jackery looks like a Blitzwolf rebadge.]]></document>
		<document><![CDATA[@bentorkington I just put petrol in our mower when it runs out.]]></document>
		<document><![CDATA[@WgtnCC The "courtesy" crossings around the city are dangerous people get confused, should be removed or have proper crossings put on them.]]></document>
		<document><![CDATA[@David_Cormack Move the comma and that could actually make sense.]]></document>
		<document><![CDATA[@David_Cormack FWIW. Corey is on the new Korn album, which is very much a Korn album.]]></document>
		<document><![CDATA[@David_Cormack You're probably about an average age for their audience I'd imagine.]]></document>
		<document><![CDATA[@CthulhuSec Holy shit dude.Sounds like a delight!]]></document>
		<document><![CDATA[@c0ff33a True, people with the S7 Edge had problems as it is, looks very pretty but not sure of the practicality.]]></document>
		<document><![CDATA[@c0ff33a "Edgeless" (except for the bottom one)]]></document>
		<document><![CDATA[@bentorkington @David_Cormack No history of chameleons in the family?]]></document>
		<document><![CDATA[@bentorkington @David_Cormack Touché. You lose points by having the keyboard as a point of reference though.]]></document>
		<document><![CDATA[@David_Cormack I did have a photo with one of those same cups which was rather comical, but I couldn't find it.]]></document>
		<document><![CDATA[Doesn't everyone have full-sized home theatre speakers on their office desk!?]]></document>
		<document><![CDATA[So disappointed I couldn't afford to see him live; https://t.co/ofachFmIGK]]></document>
		<document><![CDATA[@chrismlacy Between 2 Note 7's and the cables I bought to support it, I have a stack of them, but now back to a mUSB device for the while.]]></document>
		<document><![CDATA[Full of meat and cake.]]></document>
		<document><![CDATA[@David_Cormack Sounds delightful. Have yet to watch Westworld, get the impression it may be similarly cheerful.]]></document>
		<document><![CDATA[@David_Cormack Is walking dead still less boring than S3?]]></document>
		<document><![CDATA[I wouldn't mind needing to download massive @PlayStation updates if it wasn't for the fact that PSN is so stupidly slow.]]></document>
		<document><![CDATA[@gavinfabiani I hadn't actually realised they did a 256GB iPhone 7. NZ pricing puts that at equivalent of US$1300 here as it is :)]]></document>
		<document><![CDATA[@gavinfabiani It also has 256GB storage and 6GB RAM.]]></document>
		<document><![CDATA[@CarnageSimon Was also involved with Hitman, my favourite series of all time. Shame.]]></document>
		<document><![CDATA[@David_Cormack Sounds historically accurate.]]></document>
		<document><![CDATA[@chrismlacy Install both client apps then drag &amp; drop between them?]]></document>
		<document><![CDATA[@chrismlacy @Larry_Huppert It is atrocious, although I expect it's aimed at teenagers.]]></document>
		<document><![CDATA[@jhpadillaleal @PaulTassi Needs 2B small enuf 2B portable &amp;  low power enuf 2 run off battery. I'd  expect slightly better than Wii-U spec.]]></document>
		<document><![CDATA[Good, teach them to spell things in an Extreme fashion from a young age. Best they could do for X for an NZ related item apparently.]]></document>
		<document><![CDATA[@jhpadillaleal @PaulTassi No way the hardware will cope, it'll be (pre?) last gen power.]]></document>
		<document><![CDATA[@chrismlacy I really wish they'd sort that out, migrating devices is a massive pain.]]></document>
		<document><![CDATA[@chrismlacy Any idea how "complete" the migration is? Does it finally migrate app data or just tell it what to redownload from the store?]]></document>
		<document><![CDATA[@PaulTassi They all float down here.]]></document>
		<document><![CDATA[@PaulTassi I think Nintendo shot themselves in the foot with the Wii-U.]]></document>
		<document><![CDATA[@CarnageSimon @ghettoanger I fail to see how one could classify Tool as questionable.]]></document>
		<document><![CDATA[@xdadevelopers It is, the American way.]]></document>
		<document><![CDATA[@cubicleninja @David_Cormack @ghettoanger Burn.]]></document>
		<document><![CDATA[@ghettoanger I probably should've written "only" as was the intent.]]></document>
		<document><![CDATA[The Kelloggs breakfast bars they were handing out at the train station were actually pretty tasty, and only 17% sugar!]]></document>
		<document><![CDATA["I'm dying to meet you". Seems counter-productive.]]></document>
		<document><![CDATA[In the history of Windows, has "Windows is searching for a solution to the problem" _ever_ found a solution?]]></document>
		<document><![CDATA[Made the mistake of updating @Plexapp before leaving the house and the new version "lost" all my synced media.#grumpy #firstworldproblems]]></document>
		<document><![CDATA[Had to give up my window seat on the train because the dude that sat beside me stank of smoke so much it was making me feel sick.]]></document>
		<document><![CDATA[@BoakandBailey @phil_cook I've heard rumors of non hipsters purchasing the product as well. How illicit!]]></document>
		<document><![CDATA[@onslaught86 Need it to work as an MDM device so needs to do the wipe-from-Exchange deal, not sure if sideloading provides that.]]></document>
		<document><![CDATA[@onslaught86 I'm waiting to see pricing on the V20 &amp; Mate9, Pixels of no interest, ZF3 could be interesting.]]></document>
		<document><![CDATA[@onslaught86 Yeah, workmate is after one. No mSD slot means the OP3 is no use to me :)]]></document>
		<document><![CDATA[@onslaught86 Do you know if it has native Exchange Activesync support? Have seen comments saying it doesn't, details seem vague.]]></document>
		<document><![CDATA[@onslaught86 You had a play with the OnePlus3?]]></document>
		<document><![CDATA[@Garage_Project RRR and imminent DoTD. I may need another part-time job. Need anything swept?]]></document>
		<document><![CDATA[Mata Mataccino Chocolate - Coffee Porter, very tasty but leans a bit heavily on the dark-chocolate side of things which isn't my bag sadly.]]></document>
		<document><![CDATA[@David_Cormack Who knew Sash were so political?!]]></document>
	</documents>
</author>