<author lang="en">
	<documents>
		<document><![CDATA[Maybe it's too extreme... https://t.co/e64sC0h2Ti]]></document>
		<document><![CDATA[@mood__blu not yet. How bout you?]]></document>
		<document><![CDATA[@mood__blu you're welcome😊me too!]]></document>
		<document><![CDATA[@bbyslutgrl followback?:)]]></document>
		<document><![CDATA[Give you a punishment bcs you've been naughty (2) https://t.co/JDfnOaNHKx]]></document>
		<document><![CDATA[Give you a punishment bcs you've been naughty (1) https://t.co/xme8jTT63y]]></document>
		<document><![CDATA[Let me playing with your pussy, baby girl. https://t.co/XUANtEuilg]]></document>
		<document><![CDATA[Be ready for your punishment, babygirl. https://t.co/kjbZ0B4TeI]]></document>
		<document><![CDATA[@ltaeyyng followback?:)]]></document>
		<document><![CDATA[@ManlyLu90 followback?:)]]></document>
		<document><![CDATA[@boojaejyj followback?:)]]></document>
		<document><![CDATA[@baeboyis followback?:)]]></document>
		<document><![CDATA[@candysuga_ followback?:)]]></document>
		<document><![CDATA[@streubae followback?:)]]></document>
		<document><![CDATA[@chozwoo followback?:)]]></document>
		<document><![CDATA[@notinnocxnt followback?:)]]></document>
		<document><![CDATA[@xiylhns @yaoisweet followback?:)]]></document>
		<document><![CDATA[@w_geee followback?:)]]></document>
		<document><![CDATA[@rnarcellasne thanks a lot!😆]]></document>
		<document><![CDATA[@rnarcellasne followback?;)]]></document>
		<document><![CDATA[@jyeniikm followback?;)]]></document>
		<document><![CDATA[Having fun with my slave https://t.co/4GI2whpFle]]></document>
		<document><![CDATA[Playing with your pussy😋 https://t.co/ohL7WIjo4z]]></document>
		<document><![CDATA[@charmolxpi thanks baby😏]]></document>
		<document><![CDATA[@jungchaeyeyon @.smuterpe followback my lilgirl;)]]></document>
		<document><![CDATA[@JSYYATI followback?;)]]></document>
		<document><![CDATA[@jinrychoy followback?;)]]></document>
		<document><![CDATA[@j_zo0k followback?;)]]></document>
		<document><![CDATA[@_yourxbae followback?;)]]></document>
		<document><![CDATA[@hane2ul thanks neul😍]]></document>
		<document><![CDATA[@ssungkyungie followback?;)]]></document>
		<document><![CDATA[@wldyja followback?;)]]></document>
		<document><![CDATA[@miyounghxx @.smuterpe followback my lilgirl;)]]></document>
		<document><![CDATA[@junfsarang @.smuterpe followback my lilgirl;)]]></document>
		<document><![CDATA[@haaaneulf @.smuterpe followback my lilgirl;)]]></document>
		<document><![CDATA[@kngsuraa @.smuterpe followback my lilgirl;)]]></document>
		<document><![CDATA[@yeojashf @.smuterpe followback my lilgirl;)]]></document>
		<document><![CDATA[@myybowlki @.smuterpe followback my lilgirl;)]]></document>
		<document><![CDATA[@yeajien @.smuterpe followback my lilgirl;)]]></document>
		<document><![CDATA[@minhyorin_ssi @.smuterpe followback my lilgirl;)]]></document>
		<document><![CDATA[@charmolxpi @.smuterpe followback my lilgirl;)]]></document>
		<document><![CDATA[@pyueunji @.smuterpe followback my lilgirl;)]]></document>
		<document><![CDATA[@hane2ul @.smuterpe followback my lilgirl;)]]></document>
		<document><![CDATA[@scndaccxx thanks;)]]></document>
		<document><![CDATA[@urfavslutt @.bokeperpe followback?:)]]></document>
		<document><![CDATA[@astchics @.bokeperpe followback?:)]]></document>
		<document><![CDATA[@scndaccxx @.bokeperpe followback?:)]]></document>
		<document><![CDATA[Good morning, mine. https://t.co/z2sGnepSBa]]></document>
		<document><![CDATA[@DBCHENLE thank you😏😏]]></document>
		<document><![CDATA[Playing with my bunny https://t.co/KUq0sBzFMG]]></document>
		<document><![CDATA[@sugamut @.yaoisweet followback?]]></document>
		<document><![CDATA[@DBCHENLE @.yaoisweet followback?]]></document>
		<document><![CDATA[@baekbeey @.yaoisweet followback?]]></document>
		<document><![CDATA[@ukwonieBlockB @.yaoisweet followback?]]></document>
		<document><![CDATA[@petitcboy @.yaoisweet followback?]]></document>
		<document><![CDATA[@Hanjinhoxx @.yaoisweet followback?]]></document>
		<document><![CDATA[@jrylngmn @.yaoisweet followback?]]></document>
		<document><![CDATA[@Jxngkukie followback?]]></document>
		<document><![CDATA[@bbaekhyunieyo thanks ya]]></document>
		<document><![CDATA[@bitjhyun @.yaoisweet followback?]]></document>
		<document><![CDATA[@bekihyuni @.yaoisweet followback?]]></document>
		<document><![CDATA[@Minhyuk93x @.yaoisweet followback?]]></document>
		<document><![CDATA[@badkyung12 @.yaoisweet followback?]]></document>
		<document><![CDATA[@bbaekhyunieyo @.yaoisweet followback?]]></document>
		<document><![CDATA[@MSugar93 @.yaoisweet followback?]]></document>
		<document><![CDATA[@tyongnctt @.yaoisweet followback?]]></document>
		<document><![CDATA[@badbxoys @.yaoisweet followback?]]></document>
		<document><![CDATA[@nmjbdx @.yaoisweet followback?]]></document>
		<document><![CDATA[@xyeunhye followback?]]></document>
		<document><![CDATA[Happy New Year https://t.co/aSrQGOt0Rj]]></document>
		<document><![CDATA[@xxbaeks @.yaoisweet followback?:)]]></document>
		<document><![CDATA[@sugxhoi @.yaoisweet followback?:)]]></document>
		<document><![CDATA[@baebbleq @.yaoisweet followback?:)]]></document>
		<document><![CDATA[@lilkyootie @.yaoisweet followback?:)]]></document>
		<document><![CDATA[@nahjaemine followback?:)]]></document>
		<document><![CDATA[@minhyueq followback?:)]]></document>
		<document><![CDATA[@prkchiimin followback?:)]]></document>
		<document><![CDATA[@haneulrl_ thanks cutie;)]]></document>
		<document><![CDATA[@jeonsowme followback?:)]]></document>
		<document><![CDATA[@pervypuddin followback?:)]]></document>
		<document><![CDATA[@boraaem followback?:)]]></document>
		<document><![CDATA[@vuanillac followback?:)]]></document>
		<document><![CDATA[@LICKHANEY followback?:)]]></document>
		<document><![CDATA[@pandic0rn followback?:)]]></document>
		<document><![CDATA[@klyshie followback?:)]]></document>
		<document><![CDATA[@namborax followback?:)]]></document>
		<document><![CDATA[@haneulrl_ followback?;)]]></document>
		<document><![CDATA[@minatozakisanai thanks😆]]></document>
		<document><![CDATA[@minatozakisanai followback?;)]]></document>
		<document><![CDATA[@Hmini9669 followback?;)]]></document>
		<document><![CDATA[@lxpsmackxxrs thanks a lot!]]></document>
		<document><![CDATA[@lxpsmackxxrs followback?;)]]></document>
		<document><![CDATA[@hyunas92 followback?;)]]></document>
		<document><![CDATA[@Cookies_maknae thanks ya:)]]></document>
		<document><![CDATA[@regxshire thanks ya:)]]></document>
		<document><![CDATA[@Cookies_maknae thanks ya:)]]></document>
		<document><![CDATA[@beakhyunn04 thanks ya:)]]></document>
		<document><![CDATA[@yoonjhanx thanks ya:)]]></document>
		<document><![CDATA[@PervertBam thanks ya:)]]></document>
		<document><![CDATA[@nyctophils thanks ya:)]]></document>
	</documents>
</author>