<author lang="en">
	<documents>
		<document><![CDATA[@McDonalds I can't get enough of these #grandmac .. they are well worth the $. How long will they be around? Please don't #mcrib me!]]></document>
		<document><![CDATA[Check out my team of inspiring people! #TeamUpForChange #contest https://t.co/YEA2vpDMW1]]></document>
		<document><![CDATA[@Snyders_Hanover Ok, My wife likes sweet but prefers the Honey Mustard and Onion sweet. PNW needs vendors for this… https://t.co/PszRL3M9h2]]></document>
		<document><![CDATA[@Snyders_Hanover These... Right here... the honey mustard and onion... Why.. why are you so stubborn... I know you are somewhere...]]></document>
		<document><![CDATA[@Snyders_Hanover Ok!  been trying to find a place to buy Honey Mustard and onion pieces! They  replaced #cheezit as my #1 snack. pls hlp!]]></document>
		<document><![CDATA[@McDonalds Ok. So Its a shot in the dark!... IF someone.. I said IF.. they don't claim their #bigmacsauce I will assist in consuming 4 them!]]></document>
		<document><![CDATA[@whatsyourplay Thanks again!]]></document>
		<document><![CDATA[@whatsyourplay A friend with PTO is a friend indeed. Invite him over! #whatsyourplaysweeps]]></document>
		<document><![CDATA[@whatsyourplay super glue... it's a miracle worker #whatsyourplaysweeps]]></document>
		<document><![CDATA[@whatsyourplay #whatsyourplaysweeps. . . No really I love you, and your case of beer. Don't judge me!]]></document>
		<document><![CDATA[@whatsyourplay #whatsyourplaysweeps Proceed to pronounce you self Winner of the contest. Everyone is buying you beer next game!]]></document>
		<document><![CDATA[@JohnLegere @MarthaStewart @SnoopDogg How about doing an #instapot Sunday.. So much better than a slow cooker! So D… https://t.co/05qdDUPC44]]></document>
		<document><![CDATA[@DelRealFoods Delicious! I make these with the flour and corn blend tortillas. Fried with carnitas meat &amp; cheese. Makes a great taquito!]]></document>
		<document><![CDATA[@McDonalds So how do you know if you won? @McDonalds Thanks!]]></document>
		<document><![CDATA[@CanidaePetFood Boujie would love a treat!]]></document>
		<document><![CDATA[@McDonalds @RMHC @McDonalds #RMHC Our Girl was a premie, had privilege of having a stay @RMHC while @ #NICU Proud t… https://t.co/WaMX6VFyKc]]></document>
		<document><![CDATA[@BestBuy A big sourdough bowl of Spinach Dip &amp; some summer sausage, cheese &amp; crackers. BEST Super Bowl Snack ever. #GameDayEats #Sweepstakes]]></document>
		<document><![CDATA[@McDonalds Thanks for the opportunity
#specialsauce]]></document>
		<document><![CDATA[@McDonalds Would love to eat a #GrandMac while we are solving this. Love the Play the tune VIA the Number and Color codes.]]></document>
		<document><![CDATA[@McDonalds Create a jingle, using the cards. Create a new Big Mac tune with Bacon included! Its the combo!]]></document>
		<document><![CDATA[@McDonalds What about bacon]]></document>
		<document><![CDATA[@McDonalds the calendar!!!]]></document>
		<document><![CDATA[@McDonalds Turn on the projector ... There may be something to see]]></document>
		<document><![CDATA[@McDonalds Push 6 on the red phone!]]></document>
		<document><![CDATA[@Ashley7944 that was great! I totally get it!]]></document>
		<document><![CDATA[@DelRealFoods TY! If only people realized how easy it is to use your meats, some tortillas, fresh toppings, salsa,… https://t.co/CiXZtYJmSk]]></document>
		<document><![CDATA[@AmericasDouche @McDonalds I find thousand Island to have to much "Tomato" Flavor. Big Mac sauce is its own breed.… https://t.co/bGKACuRHcc]]></document>
		<document><![CDATA[@McDonalds Ok. I will trade you a dried out sharpie, A slow computer and a half empty cup of coffee on my desk. Right now for #bigmac Sauce!]]></document>
		<document><![CDATA[@McDonalds #bigmac #Specialsauce Ahhh common guys!! I live in the country! Big Macs are my fav. burger. How am I su… https://t.co/zFxFbfwJTj]]></document>
		<document><![CDATA[@DelRealFoods Can you DM Me? I think you have to be following me to DM. Thanks! 🌮]]></document>
		<document><![CDATA[@DelRealFoods Thank you!. I would love to but it won't allow a DM.]]></document>
		<document><![CDATA[#NotMySuperBowl I have HAD enough! It's been far too long that the same teams ruled the #NFL. #Goodell is NOT going to grab this #Ball]]></document>
		<document><![CDATA[@jgutierrezsadf @iHeartRadio the only thing relevant about the Biebs is his narcissism. ..]]></document>
		<document><![CDATA[@iHeartRadio Justin Bieber is only a fan of Justin Bieber....]]></document>
		<document><![CDATA[@whatsyourplay thanks for the opportunity #whatsyourplaysweeps]]></document>
		<document><![CDATA[@whatsyourplay #whatsyourplaysweeps immediately fake injury to be carted out of bar. Use 30 second timeout to re think strategy]]></document>
		<document><![CDATA[@jasonnash yes.. trust me I understand. The constant thumping isn't thunder nor is it a visitors knock. It's a bottle hitting a window ledge]]></document>
		<document><![CDATA[@whatsyourplay #whatsyourplaysweeps Proceed to deadlifting cases. Inform her you are prepping yourself for the NFL draft.]]></document>
		<document><![CDATA[@whatsyourplay #whatsyourplaysweeps Proceed to flop down and make chip angels in the mess. You will be fined but it's part of the game.]]></document>
		<document><![CDATA[@whatsyourplay #whatsyourplaysweeps You fumble the dish as you trip across an invisible divot in your floor. Apologize and keep on playing]]></document>
		<document><![CDATA[@whatsyourplay #whatsyourplaysweeps Hand him a bag of stale chips and remind him some things may look the same but do go stale. Pep talk]]></document>
		<document><![CDATA[Get access to secrets &amp; a chance to win prizes with @AvosFromMexico! RT &amp; visit: https://t.co/BKU9SdodKF #AvoSecrets #AvoSweepstakes]]></document>
		<document><![CDATA[@whatsyourplay #whatsyourplaysweeps Punt for a touch back one slice into the neighbors yard. Remove threat. Save party!]]></document>
		<document><![CDATA[@BWWings definitely the observers... still wanting my wings! Nearest bww 40 min away! You offer drone delivery ? #hitthebutton]]></document>
		<document><![CDATA[@BWWings #hitthebutton I'm confused... hungry.. suddenly craving wings.. why Farve? Why!? Googling nearest Buffalo Wild wings.]]></document>
		<document><![CDATA[@whatsyourplay #whatsyourplaysweeps Illegal substitution. Replay first down. Show amazing route running ability for score!]]></document>
		<document><![CDATA[@whatsyourplay #whatsyourplaysweeps Delay of game! Ten minute penalty. Drive forward for quickest post route. Score extra point after TD run]]></document>
		<document><![CDATA[@TMobileHelp @JohnLegere I'm worried about switching and not having good service. I love the idea of a cheaper plan and better customer]]></document>
		<document><![CDATA[@JohnLegere Hi John. Do you guys really pay all etf fees? Such as phoned with a balance due? As in Verizon. I'm trying to decide what to do]]></document>
		<document><![CDATA[@TMobile I think they are going to help get my bill down. It may work out ok @verizon]]></document>
		<document><![CDATA[@VZWSupport I can send a message and have called and called but my bill is always to expensive. I can't afford verizon anymore.]]></document>
		<document><![CDATA[@TMobile @jasonnash I want to get rid of my @verizon #feeface ! But stuck paying a high bill every month! Can I switch to #tmobile ? SOON !]]></document>
		<document><![CDATA[@eatwholly seeking superbowl party #guacamole sponsor! Interested :) ?]]></document>
		<document><![CDATA[@DelRealFoods Any chance you can get some #Superbowl food sent ASAP before our party ; ) .. please! I'm tired of cooking]]></document>
		<document><![CDATA[Another BIG THING here, CellBee wireless earbuds with super endurance and bass. Link: https://t.co/vgYGUDbna9 https://t.co/YhZqwE5Bi5 #Ad]]></document>
		<document><![CDATA[Super Cool LED Dancing Water Speakers. https://t.co/p7pfdSzzwX #Ad]]></document>
		<document><![CDATA[@McDonalds 🍔I am urgently awaiting the #GRANDMAC #bigmac in the NW!. 
Please help a hungry soul make it through the cold snap! #snow]]></document>
		<document><![CDATA[Hey Guys, The New Year is Coming!
Join and Win a Nice Golden Bell Grinder for Yourself. https://t.co/RMj575egFg #Ad]]></document>
		<document><![CDATA[Try out our Stunning Henna Stencils with its different designs, it's very easy and beautiful you will love it :) https://t.co/t3Pn914u4M #Ad]]></document>
		<document><![CDATA[Try out our Amazing iPhone 7 Mirror Metal Bumper Case. It is Stylish, Protective, Convenient and Low Priced :) https://t.co/Hn2rsa5VIS #Ad]]></document>
		<document><![CDATA[Check out https://t.co/W9GGpj3MvS, they post new inventions &amp; run giveaways daily. #invetionaday @1inventionaday https://t.co/R8hqap9PK6 #Ad]]></document>
		<document><![CDATA[Hot New Released Garment Steamer Giveaway!  Share this msg to your friends to win free steamer! #AmazonGiveaway https://t.co/UCH6RBZ0v9 #Ad]]></document>
		<document><![CDATA[Hot Sell Mini Bluetooth Speaker Giveaway!  Share this msg to your friends to win free speakers! #AmazonGiveaway https://t.co/puOfIpUJch #Ad]]></document>
		<document><![CDATA[#Entertowin a #FREE Total Resistance #Fitness Training Band by #Real_Elephix and reach your #fitnessgoal in 2017 https://t.co/671XQPcLdQ #Ad]]></document>
		<document><![CDATA[Check out this innovative new kitchen gadget for 2017: Lemon Squeezer with a blade to cut and squeeze #squissors https://t.co/vNpuRhZgfg #Ad]]></document>
		<document><![CDATA[iBlood HD phone lens
https://t.co/pJc2NwLxQq https://t.co/mzVmqqaFel #Ad]]></document>
		<document><![CDATA[Rocawear "Spin-A-Way For The Holiday" Giveaway https://t.co/5pCKOJ5Bvb]]></document>
		<document><![CDATA[Fun! Enter to win a FREE Practical and Stylish Make-Up Organizer and Travel Bag #amazongiveaway RETWEET AND LIKE https://t.co/X6DEOh21oN #Ad]]></document>
		<document><![CDATA[Hot New Released Cat Window Perch Giveaway!  Share this msg to your friends to win free perches! #AmazonGiveaway https://t.co/XE2P6RSIs1 #Ad]]></document>
		<document><![CDATA[Try out our Stunning Henna Stencils with its different designs, it's very easy and beautiful you will love it :) https://t.co/OVVagMpYAL #Ad]]></document>
		<document><![CDATA[I found a group that post free products everyday! Click into https://t.co/MtwGDiLcTH 
to know more about it. https://t.co/BWoQtUxW1v #Ad]]></document>
		<document><![CDATA[I found a group that send out 100 free products every month! Click into https://t.co/RLmPFldKSp
to know more! https://t.co/SvwtSaKP6E #Ad]]></document>
		<document><![CDATA[Think #forward, move forward, C4ward https://t.co/1kbRHEBfo7 #Ad]]></document>
		<document><![CDATA[Holiday discount thermometer and hygrometer #discount #holiday #giveaways https://t.co/dnCGJTolQS #Ad]]></document>
		<document><![CDATA[Hot New Released Butterfly Trainer Giveaway!  Share this msg to your friends to win free socks! #AmazonGiveaway https://t.co/VAaZF0B1iB #Ad]]></document>
		<document><![CDATA[How to get classy &amp; elegant look without spending too much ???--&gt;https://t.co/WZpPKn33av  #style #elegantstyle https://t.co/aRjNhC32ZE #Ad]]></document>
		<document><![CDATA[Voted “The Best Phone Stand, Hands Down.” Tweet to enter #giveaway on #Amazon #MadeInUSA @lulabop #FREE https://t.co/HPbCVKmIWT #Ad]]></document>
		<document><![CDATA[Your chance to try out for FREE our Amazing 13-in-1 Fashionable, Outdoors &amp; Sports Headbands PromoPack (10 pcs) https://t.co/ASPjh5EFRi #Ad]]></document>
		<document><![CDATA[Win a Karcher Pressure Washer - A Great Gift
https://t.co/IBrRkUiPUq @giveawaydeal https://t.co/AP7shtEDgk https://t.co/XkDsg9wVZF #Ad]]></document>
		<document><![CDATA[Perfect gift sets for that friend who already has everything. Greenfire Massage Candles https://t.co/hNW1lWlcMY https://t.co/Q40iC42WKL #Ad]]></document>
		<document><![CDATA[Please vote for @Re_Grip at https://t.co/aYQIIqVFXq https://t.co/owxF9iORqw #Ad]]></document>
		<document><![CDATA[Awesome, Polarized Sunglasses for 20% Off with Code EYESXMAS.  Check them out on Amazon: https://t.co/QqdhpfoZ2J https://t.co/sNfV7Nmaaw #Ad]]></document>
		<document><![CDATA[Try out our Stunning Sunglasses with all what you've dreamed of: Stylish, Protective, Convenient and LOW PRICED! https://t.co/CO949IfkV7 #Ad]]></document>
		<document><![CDATA[https://t.co/KT78KBBzs6 Enter now to win a @cabotcheese pack for you and a friend!]]></document>
		<document><![CDATA[@DelRealFoods Congrats you lucky people!]]></document>
		<document><![CDATA[@DelRealFoods I'm crossing my fingers! Save me from eating so much Turkey .. Puhllease!! :)]]></document>
		<document><![CDATA[@tasteofgame  Thanks! Sounds delicious!]]></document>
		<document><![CDATA[@DelRealFoods Please tell me this includes ... Barbacoa.... crossing fingers #ThanksgivingWeek https://t.co/XQTiIuiFaA]]></document>
		<document><![CDATA[@drmartens Monday.... back to work in my favorite Doc's of all time! Made in England baby. #drmartenstyle #tough… https://t.co/9f70DLQ5xd]]></document>
		<document><![CDATA[I want to win!! 50 inch TV for 379! #KohlsBestGiftEverSweepstakes https://t.co/sSm4P8VMrn @Kohls]]></document>
		<document><![CDATA[@Hyundai go #vikings #BecauseFootball and #HyundaiSweepstakes. Another good NFL Sunday]]></document>
		<document><![CDATA[Empire or Rebellion? Diet Coke or Coca-Cola Zero? Either way, go Rogue in @IMAX #MasterTheChoiceIMAXSweepstakes]]></document>
		<document><![CDATA[.@Verizon wants you and a guest on a #VIP trip to #NYC and #LA for the @iHeartRadio Jingle Ball! #iHeartJingleBall https://t.co/7Ktcs0ppsN]]></document>
		<document><![CDATA[Win a @thirdmanrecords “Just Right” Turntable signed by Jack White! https://t.co/6EshNUxAoP]]></document>
		<document><![CDATA[Win a trip to attend the #iHeartJingleBall in #NYC on December 9th, courtesy of @Allstate! https://t.co/K1B6h9GivJ]]></document>
		<document><![CDATA[#iHeartJingleBall  back in #NYC and @TheCW wants to send you and a friend there! Enter daily for your chance to win! https://t.co/EfVgMTGery]]></document>
		<document><![CDATA[#Win a trip to attend the #iHeartJingleBall in #NYC, courtesy of @UltaBeauty! https://t.co/uHlrUJdZ2g]]></document>
		<document><![CDATA[Win a trip to New York City for the @iHeartRadio Jingle Ball! https://t.co/AFHeAiPsDM]]></document>
		<document><![CDATA[Win a trip to the @iHeartRadio iHeart80's Party #iHeart80's https://t.co/OSG1v0AL3S]]></document>
		<document><![CDATA[Win a trip to our @iHeartRadio #iHeart80s Party! https://t.co/KwV3O6UVA4]]></document>
	</documents>
</author>